,Suburbs,Country,Lat,Lng
0,Abbotsford,AU,-33.85,151.1333
1,Aberfeldie,AU,-37.7596,144.8975
2,Acheron,AU,-37.25,145.7
3,Adams Estate,N/A,N/A,N/A
4,Adelaide Lead,AU,-37.0667,143.6833
5,Agnes,N/A,N/A,N/A
6,Aireys Inlet,AU,-38.4667,144.1
7,Airly,AU,-33.0983,150.0511
8,Airport West,AU,-37.7223,144.8835
9,Albacutya,N/A,N/A,N/A
10,Albanvale,AU,-37.7461,144.7686
11,Albert Park,AU,-34.8753,138.5227
12,Alberton,AU,-34.8566,138.5137
13,Albion,AU,-27.4304,153.0421
14,Alexandra,AU,-37.1833,145.7
15,Alfredton,AU,-37.5667,143.8167
16,Allans Flat,N/A,N/A,N/A
17,Allansford,AU,-38.4,142.5833
18,Allendale,AU,-37.3667,143.9333
19,Alma,N/A,N/A,N/A
20,Almurta,AU,-38.45,145.5667
21,Alphington,AU,-37.7804,145.0309
22,Altona,AU,-37.8696,144.8304
23,Altona Meadows,AU,-37.8814,144.7845
24,Altona North,AU,-37.8378,144.8343
25,Alvie,AU,-38.2333,143.5
26,Amherst,AU,-37.1458,143.6686
27,Amphitheatre,AU,-37.1667,143.4167
28,Anakie,AU,-37.9167,144.25
29,Anglesea,AU,-38.4167,144.1667
30,Annuello,AU,-34.8546,142.8318
31,Apollo Bay,AU,-38.75,143.65
32,Appin,AU,-34.2,150.7833
33,Apsley,AU,-36.9667,141.0833
34,Ararat,AU,-37.2833,142.9333
35,Arcadia,AU,-33.6227,151.0606
36,Arcadia South,N/A,N/A,N/A
37,Archdale Junction,N/A,N/A,N/A
38,Archies Creek,AU,-38.55,145.5667
39,Ardeer,AU,-37.7759,144.8015
40,Ardmona,N/A,N/A,N/A
41,Argyle,AU,-36.95,144.7333
42,Armadale,AU,-32.15,116
43,Armstrong,AU,-37.2167,142.9
44,Armstrong Creek,AU,-27.2167,152.8333
45,Arnold,AU,-36.6833,143.8667
46,Arthurs Creek,AU,-37.5833,145.2
47,Arthurs Seat,AU,-38.3543,144.9537
48,Ascot,AU,-36.7,144.3333
49,Ascot Vale,AU,-37.7833,144.9167
50,Ashbourne,AU,-35.3,138.7667
51,Ashburton,AU,-37.8626,145.0794
52,Ashwood,AU,-37.8666,145.1055
53,Aspendale,AU,-38.0291,145.1027
54,Aspendale Gardens,AU,-38.0228,145.118
55,Athlone,AU,-38.2333,145.7667
56,Attwood,AU,-37.6696,144.8867
57,Avalon,AU,-38.0845,144.4259
58,Avenel,AU,-36.9,145.2333
59,Avoca,AU,-37.0833,143.4833
60,Avondale Heights,AU,-37.7615,144.8621
61,Avonsleigh,AU,-37.9333,145.4667
62,Axe Creek,N/A,N/A,N/A
63,Axedale,AU,-36.8,144.5167
64,Ayrford,N/A,N/A,N/A
65,Bacchus Marsh,AU,-37.6727,144.4383
66,Baddaginnie,AU,-36.5833,145.8667
67,Badger Creek,AU,-37.7,145.5167
68,Bagshot,AU,-36.65,144.4167
69,Bailieston,AU,-36.7333,145.05
70,Bairnsdale,AU,-37.8333,147.6167
71,Bakery Hill,AU,-37.5635,143.8658
72,Balaclava,AU,-37.8692,144.9977
73,Ballan,AU,-37.6,144.25
74,Ballangeich,AU,-38.2167,142.6667
75,Ballarat Central,AU,-37.5621,143.8508
76,Ballarat East,AU,-37.5592,143.8744
77,Ballarat North,AU,-37.5188,143.7728
78,Ballendella,AU,-36.3,144.65
79,Balliang,AU,-37.8333,144.3667
80,Balliang East,AU,-37.7833,144.45
81,Balmattum,AU,-36.7,145.65
82,Balmoral,AU,-37.25,141.85
83,Balnarring,AU,-38.3667,145.1333
84,Balnarring Beach,AU,-38.3912,145.1201
85,Balwyn,AU,-37.8092,145.0834
86,Balwyn North,AU,-37.7909,145.0939
87,Bamawm,N/A,N/A,N/A
88,Bamawm Extension,AU,-36.2167,144.6
89,Bambra,AU,-38.3667,143.9333
90,Bandiana,AU,-36.15,146.9333
91,Bangerang,AU,-36.2,142.5833
92,Bangholme,AU,-38.0484,145.1721
93,Bannerton,AU,-34.7,142.7833
94,Bannockburn,AU,-38.05,144.1667
95,Baranduda,AU,-36.2,146.9667
96,Barfold,AU,-37.0833,144.5167
97,Baringhup,AU,-36.9833,143.9667
98,Barjarg,N/A,N/A,N/A
99,Barkers Creek,AU,-37.0167,144.25
100,Barmah,AU,-36.0167,144.9667
101,Barnawartha,AU,-36.1,146.6667
102,Barnawartha North,N/A,N/A,N/A
103,Barongarook,AU,-38.4167,143.6
104,Barongarook West,N/A,N/A,N/A
105,Barrakee,N/A,N/A,N/A
106,Barramunga,N/A,N/A,N/A
107,Barraport,AU,-36.0167,143.6833
108,Barrys Reef,AU,-37.4667,144.3
109,Barwite,AU,-37,146.1667
110,Barwon Downs,AU,-38.4667,143.75
111,Barwon Heads,AU,-38.2667,144.5333
112,Bass,AU,-38.4842,145.4687
113,Batesford,AU,-38.1,144.2833
114,Baw Baw,AU,-37.97,146.144
115,Baxter,AU,-38.2,145.15
116,Bayles,AU,-38.1833,145.5667
117,Bayswater,AU,-37.85,145.2667
118,Bayswater North,AU,-37.827,145.2837
119,Beaconsfield,AU,-41.2,146.8167
120,Beaconsfield Upper,AU,-38,145.4167
121,Bealiba,AU,-36.8,143.55
122,Bearii,AU,-35.899,145.3391
123,Beaufort,AU,-37.4167,143.3833
124,Beaumaris,AU,-37.9822,145.0389
125,Beeac,AU,-38.2,143.6333
126,Beech Forest,AU,-38.6333,143.5667
127,Beechworth,AU,-36.3667,146.7167
128,Belgrave,AU,-37.9,145.35
129,Belgrave Heights,AU,-37.9167,145.35
130,Belgrave South,AU,-37.9333,145.3333
131,Bell Park,AU,-38.1077,144.3384
132,Bell Post Hill,AU,-38.0973,144.3236
133,Bellarine,AU,-38.1333,144.6167
134,Bellbrae,AU,-38.3333,144.2667
135,Bellbridge,AU,-36.0991,147.0621
136,Bellfield,N/A,N/A,N/A
137,Belmont,AU,-33.0333,151.6667
138,Bemm River,N/A,N/A,N/A
139,Bena,AU,-38.4167,145.7667
140,Benalla,AU,-36.55,145.9833
141,Bendigo,AU,-36.7667,144.2833
142,Benjeroop,N/A,N/A,N/A
143,Benloch,AU,-37.2167,144.7
144,Bentleigh,AU,-37.9181,145.0354
145,Bentleigh East,AU,-37.9201,145.0599
146,Benwerrin,N/A,N/A,N/A
147,Beremboke,AU,-37.7833,144.25
148,Berringa,AU,-37.7667,143.7
149,Berrys Creek,AU,-38.4167,146.0667
150,Berwick,AU,-38.0333,145.35
151,Bet Bet,AU,-36.9239,143.7573
152,Bete Bolong,N/A,N/A,N/A
153,Bethanga,AU,-36.1167,147.1
154,Beulah,AU,-35.9333,142.4333
155,Beverford,AU,-35.233,143.4806
156,Beveridge,AU,-37.4833,144.9833
157,Big Hill,AU,-34.5483,150.0011
158,Big Pats Creek,AU,-37.7833,145.75
159,Binginwarri,N/A,N/A,N/A
160,Birchip,AU,-35.9833,142.9333
161,Birdwoodton,N/A,N/A,N/A
162,Birregurra,AU,-38.3333,143.7833
163,Bittern,AU,-38.3333,145.1667
164,Black Hill,AU,-37.5501,143.8744
165,Black Range,AU,-36.7347,149.8475
166,Black Rock,AU,-37.9736,145.0164
167,Blackburn,AU,-37.819,145.1533
168,Blackburn North,AU,-37.8093,145.1518
169,Blackburn South,AU,-37.8397,145.1555
170,Blackwood,AU,-35.0167,138.6167
171,Blairgowrie,N/A,N/A,N/A
172,Blind Bight,AU,-38.2142,145.3378
173,Bobinawarrah,AU,-36.5167,146.5
174,Bochara,AU,-37.7,141.9333
175,Boho,AU,-36.7167,145.8333
176,Boisdale,AU,-37.8833,146.9833
177,Bolinda,AU,-37.4333,144.75
178,Bolwarra,AU,-32.7167,151.5667
179,Bona Vista,AU,-30.5267,151.6331
180,Bonbeach,AU,-38.0653,145.1228
181,Bonegilla,AU,-36.15,147
182,Boneo,AU,-38.4167,144.8833
183,Bonnie Doon,AU,-37.0167,145.8667
184,Bookaar,N/A,N/A,N/A
185,Boola,N/A,N/A,N/A
186,Boolarra,AU,-38.3833,146.2667
187,Boolarra South,AU,-38.45,146.2833
188,Boorolite,N/A,N/A,N/A
189,Boort,AU,-36.1167,143.7167
190,Boosey,N/A,N/A,N/A
191,Boralma,N/A,N/A,N/A
192,Boronia,AU,-37.8667,145.2833
193,Borung,AU,-36.3,143.75
194,Botanic Ridge,AU,-38.1414,145.2566
195,Boundary Bend,N/A,N/A,N/A
196,Bowenvale,AU,-37,143.7167
197,Boweya,AU,-36.2667,146.1333
198,Boweya North,N/A,N/A,N/A
199,Bowser,AU,-36.3183,146.3663
200,Box Hill,AU,-37.8189,145.1254
201,Box Hill North,AU,-37.8027,145.1266
202,Box Hill South,AU,-37.8324,145.121
203,Braeside,AU,-37.9995,145.1163
204,Brandy Creek,AU,-38.1,145.9
205,Branxholme,AU,-37.8667,141.8
206,Braybrook,AU,-37.7867,144.8548
207,Breakaway Creek,N/A,N/A,N/A
208,Breakwater,N/A,N/A,N/A
209,Breamlea,N/A,N/A,N/A
210,Brenanah,AU,-36.5474,143.7364
211,Briagolong,AU,-37.85,147.0667
212,Briar Hill,AU,-37.7064,145.1216
213,Bridgewater,AU,-42.7333,147.2333
214,Bridgewater On Loddon,N/A,N/A,N/A
215,Bright,AU,-36.75,146.9667
216,Brighton,N/A,N/A,N/A
217,Brighton East,AU,-37.9014,145.0188
218,Brim,AU,-36.0833,142.4167
219,Brimin,AU,-36.05,146.2333
220,Brimpaen,AU,-37.0333,142.2
221,Broadford,AU,-37.2,145.0667
222,Broadmeadows,AU,-37.6801,144.9188
223,Broadwater,AU,-38.1253,142.0497
224,Brodribb River,N/A,N/A,N/A
225,Bromley,AU,-36.8809,143.7567
226,Brookfield,AU,-37.7008,144.5603
227,Brooklyn,AU,-33.5482,151.2177
228,Broomfield,AU,-37.3859,143.9112
229,Brown Hill,AU,-37.5526,143.9012
230,Browns Plains,AU,-27.65,153.0333
231,Bruarong,AU,-36.4167,146.85
232,Brucknell,AU,-38.45,142.9333
233,Brunswick,AU,-37.7667,144.9667
234,Brunswick East,AU,-37.7689,144.9777
235,Brunswick West,AU,-37.7633,144.9426
236,Bruthen,AU,-37.7167,147.8167
237,Buangor,AU,-37.3667,143.1667
238,Buchan,AU,-37.5,148.1833
239,Buchan South,AU,-37.5667,148.1167
240,Buckland,AU,-42.6,147.7167
241,Buckley,AU,-38.2333,144.1
242,Buffalo,N/A,N/A,N/A
243,Buffalo River,AU,-36.6333,146.6833
244,Bulga,AU,-32.6667,151.0167
245,Bulla,AU,-37.6333,144.8
246,Bullarook,N/A,N/A,N/A
247,Bullarto,AU,-37.4,144.2333
248,Bulleen,AU,-37.7667,145.0833
249,Bullengarook,AU,-37.5167,144.4833
250,Bullumwaal,AU,-37.6333,147.5333
251,Buln Buln,AU,-38.1,145.9333
252,Bumberrah,N/A,N/A,N/A
253,Bunbartha,N/A,N/A,N/A
254,Bundalaguah,AU,-38.0333,147.0167
255,Bundalong,AU,-36.0333,146.1667
256,Bundalong South,N/A,N/A,N/A
257,Bundoora,AU,-37.6982,145.0597
258,Bungalally,AU,-36.8,142.25
259,Bungaree,AU,-37.5667,144
260,Bungeet,AU,-36.3,146.05
261,Bungil,AU,-36.0667,147.35
262,Buninyong,AU,-37.6667,143.9167
263,Bunkers Hill,AU,-31.565,151.1344
264,Bunyip,AU,-38.1,145.7167
265,Burkes Flat,N/A,N/A,N/A
266,Burnewang,N/A,N/A,N/A
267,Burnley,AU,-37.8296,145.0175
268,Burnside,AU,-34.9333,138.65
269,Burnside Heights,AU,-37.7324,144.7556
270,Burramine,N/A,N/A,N/A
271,Burrumbeet,AU,-37.4703,143.6548
272,Burwood,AU,-37.8498,145.119
273,Burwood East,AU,-37.8536,145.1504
274,Bushfield,AU,-38.3333,142.5167
275,Buxton,AU,-34.25,150.5333
276,Byaduk,AU,-37.9523,141.9552
277,Byaduk North,N/A,N/A,N/A
278,Byawatha,N/A,N/A,N/A
279,Bylands,AU,-37.35,144.9667
280,Byrneside,AU,-36.4167,145.1833
281,Cabarita,AU,-33.8475,151.1159
282,Cabbage Tree Creek,AU,-37.6984,148.7204
283,Cairnlea,AU,-37.7593,144.7878
284,Calder Park,AU,-37.6763,144.7611
285,Caldermeade,AU,-38.25,145.5333
286,California Gully,AU,-36.7302,144.2634
287,Callignee,AU,-38.3333,146.5833
288,Callignee North,N/A,N/A,N/A
289,Calulu,N/A,N/A,N/A
290,Camberwell,AU,-37.842,145.0694
291,Cambrian Hill,AU,-37.6333,143.8333
292,Campbellfield,AU,-37.6833,144.95
293,Campbells Bridge,AU,-36.9142,142.7832
294,Campbells Creek,N/A,N/A,N/A
295,Campbells Forest,AU,-36.6145,144.1426
296,Campbelltown,AU,-34.0667,150.8167
297,Camperdown,AU,-33.8896,151.1764
298,Canadian,AU,-37.5761,143.8774
299,Cann River,AU,-37.5667,149.1667
300,Cannons Creek,AU,-38.2115,145.3113
301,Canterbury,AU,-37.8247,145.0848
302,Cape Clear,AU,-37.7833,143.6167
303,Cape Paterson,N/A,N/A,N/A
304,Cape Schanck,N/A,N/A,N/A
305,Cape Woolamai,AU,-38.5313,145.3358
306,Capels Crossing,N/A,N/A,N/A
307,Carag Carag,AU,-36.4667,144.9167
308,Caramut,AU,-37.95,142.5167
309,Carapooee,AU,-36.7,143.3333
310,Carapooee West,N/A,N/A,N/A
311,Carapook,N/A,N/A,N/A
312,Cardigan,AU,-37.5333,143.75
313,Cardigan Village,N/A,N/A,N/A
314,Cardinia,AU,-38.15,145.4167
315,Cardross,N/A,N/A,N/A
316,Caringal,N/A,N/A,N/A
317,Carisbrook,AU,-37.0333,143.8167
318,Carlisle River,AU,-38.5667,143.3833
319,Carlsruhe,AU,-37.2833,144.5
320,Carlton,AU,-33.9708,151.1214
321,Carlton North,AU,-37.7846,144.9729
322,Carlyle,N/A,N/A,N/A
323,Carnegie,AU,-37.8887,145.0571
324,Carngham,AU,-37.5833,143.5833
325,Caroline Springs,AU,-37.7412,144.7363
326,Carpendeit,AU,-38.3833,143.2667
327,Carrajung,AU,-38.3667,146.6833
328,Carrajung Lower,AU,-38.4,146.7333
329,Carranballac,AU,-37.6972,143.1615
330,Carrum,AU,-38.0833,145.1333
331,Carrum Downs,AU,-38.1,145.1833
332,Carwarp,AU,-34.4571,142.1973
333,Cashmore,AU,-38.3167,141.4833
334,Castella,AU,-37.5167,145.4333
335,Casterton,AU,-37.5833,141.4
336,Castle Donnington,N/A,N/A,N/A
337,Castlemaine,AU,-37.0667,144.2167
338,Catani,AU,-38.2,145.6333
339,Cathkin,N/A,N/A,N/A
340,Caulfield,AU,-37.8825,145.0229
341,Caulfield East,AU,-37.8813,145.0421
342,Caulfield North,AU,-37.8726,145.0226
343,Caulfield South,AU,-37.8967,145.0273
344,Cavendish,AU,-37.5167,142.0333
345,Ceres,AU,-38.1667,144.2667
346,Chadstone,AU,-37.8877,145.0952
347,Chapple Vale,N/A,N/A,N/A
348,Charlemont,N/A,N/A,N/A
349,Charleroi,N/A,N/A,N/A
350,Charlton,AU,-36.2667,143.35
351,Chelsea,AU,-38.05,145.1167
352,Chelsea Heights,AU,-38.0333,145.1333
353,Cheltenham,AU,-34.8667,138.5167
354,Cheshunt,AU,-36.8,146.4333
355,Chetwynd,AU,-37.2833,141.4167
356,Chewton,AU,-37.0833,144.2667
357,Childers,AU,-38.3,146.1167
358,Chiltern,AU,-36.1667,146.6167
359,Chirnside Park,AU,-37.7386,145.3143
360,Chocolyn,AU,-38.1948,143.194
361,Christmas Hills,AU,-37.65,145.3333
362,Chum Creek,N/A,N/A,N/A
363,Churchill,AU,-27.6423,152.7502
364,Clarendon,AU,-35.1167,138.6333
365,Clarinda,AU,-37.9431,145.106
366,Clarkefield,AU,-37.4833,144.75
367,Clarkes Hill,N/A,N/A,N/A
368,Clayton,AU,-37.9173,145.1304
369,Clayton South,AU,-37.9431,145.1252
370,Clematis,AU,-37.9333,145.4167
371,Clifton Creek,N/A,N/A,N/A
372,Clifton Hill,AU,-37.7904,144.9975
373,Clifton Springs,AU,-38.15,144.5667
374,Clonbinane,N/A,N/A,N/A
375,Cloverlea,AU,-38.2333,146
376,Club Terrace,AU,-37.5333,148.95
377,Clunes,AU,-37.3,143.7833
378,Clyde,AU,-38.1333,145.3333
379,Clyde North,AU,-38.1167,145.3333
380,Clydesdale,AU,-37.1833,144.1
381,Cobains,N/A,N/A,N/A
382,Cobaw,AU,-37.2667,144.6333
383,Cobden,AU,-38.3333,143.0667
384,Cobram,AU,-35.9167,145.65
385,Cobram East,N/A,N/A,N/A
386,Cobrico,AU,-38.3,143.0333
387,Coburg,AU,-37.75,144.9667
388,Coburg North,AU,-37.7244,144.9676
389,Cochranes Creek,N/A,N/A,N/A
390,Cockatoo,AU,-37.9333,145.5
391,Cocoroc,AU,-37.9749,144.6287
392,Codrington,AU,-38.2667,141.9667
393,Cohuna,AU,-35.8,144.2
394,Coimadai,AU,-37.6167,144.4667
395,Colac,AU,-38.3333,143.5833
396,Colac Colac,N/A,N/A,N/A
397,Colac East,N/A,N/A,N/A
398,Colac West,N/A,N/A,N/A
399,Coldstream,AU,-37.7167,145.3667
400,Coleraine,AU,-37.6,141.7
401,Colignan,AU,-34.55,142.3833
402,Collingwood,AU,-37.8,144.9833
403,Concongella,N/A,N/A,N/A
404,Condah,AU,-37.95,141.75
405,Congupna,AU,-36.3005,145.4332
406,Connewarre,AU,-38.2667,144.4
407,Coolaroo,AU,-37.6568,144.9346
408,Cooma,AU,-36.2333,149.1333
409,Coomboona,N/A,N/A,N/A
410,Coomoora,AU,-37.3312,144.1795
411,Cora Lynn,AU,-38.15,145.6
412,Coragulac,N/A,N/A,N/A
413,Corindhap,AU,-37.8776,143.7387
414,Corinella,AU,-38.4146,145.4312
415,Corio,AU,-38.0833,144.3833
416,Cornella,AU,-36.7,144.75
417,Cornishtown,N/A,N/A,N/A
418,Coronet Bay,AU,-38.4377,145.4363
419,Corop,AU,-36.4667,144.8
420,Cororooke,AU,-38.2833,143.5167
421,Corringle,N/A,N/A,N/A
422,Corryong,AU,-36.2,147.8833
423,Corunnun,N/A,N/A,N/A
424,Cosgrove,AU,-36.35,145.6667
425,Costerfield,N/A,N/A,N/A
426,Cottles Bridge,AU,-37.6333,145.2167
427,Cowes,AU,-38.45,145.2333
428,Cowwarr,AU,-38.0167,146.6833
429,Craigie,AU,-31.7816,115.7711
430,Craigieburn,AU,-37.6,144.95
431,Cranbourne,AU,-38.1,145.2833
432,Cranbourne East,AU,-38.1081,145.3056
433,Cranbourne North,AU,-38.0775,145.2989
434,Cranbourne South,N/A,N/A,N/A
435,Cranbourne West,AU,-38.1022,145.2517
436,Creek Junction,N/A,N/A,N/A
437,Cremorne,AU,-33.8333,151.225
438,Cressy,AU,-41.6833,147.0667
439,Creswick,AU,-37.4167,143.9167
440,Crib Point,AU,-38.35,145.2
441,Crossley,AU,-38.3,142.3333
442,Crossover,AU,-38.05,145.9667
443,Croydon,AU,-33.8833,151.1167
444,Croydon Hills,AU,-37.776,145.2671
445,Croydon North,AU,-37.7833,145.3
446,Croydon South,AU,-37.815,145.2736
447,Culgoa,AU,-35.7167,143.0833
448,Cullulleraine,N/A,N/A,N/A
449,Curdies River,N/A,N/A,N/A
450,Curlewis,AU,-38.1833,144.4833
451,Dadswells Bridge,AU,-36.9178,142.5133
452,Daisy Hill,AU,-27.6436,153.1538
453,Dales Creek,AU,-37.5219,144.3032
454,Dallas,AU,-37.6708,144.9354
455,Dalmore,AU,-38.1833,145.4167
456,Daltons Bridge,N/A,N/A,N/A
457,Dalyston,AU,-38.5667,145.55
458,Dandenong,AU,-37.9875,145.2148
459,Dandenong North,AU,-37.9558,145.2143
460,Dandenong South,AU,-38.028,145.2209
461,Dargo,N/A,N/A,N/A
462,Darley,AU,-37.6377,144.4263
463,Darlington,AU,-31.9167,116.0833
464,Darnum,AU,-38.1833,146.0167
465,Darraweit Guim,AU,-37.4019,144.894
466,Dartmoor,AU,-37.9225,141.2767
467,Dartmouth,N/A,N/A,N/A
468,Daylesford,AU,-37.35,144.15
469,Deans Marsh,AU,-38.4,143.8667
470,Dederang,AU,-36.4833,147.0167
471,Deep Lead,AU,-37.0167,142.7333
472,Deepdene,AU,-37.8121,145.0664
473,Deer Park,AU,-37.7667,144.7833
474,Delacombe,AU,-37.5891,143.8147
475,Delahey,AU,-37.7198,144.7773
476,Delatite,N/A,N/A,N/A
477,Denison,AU,-38.0333,146.8833
478,Dennington,AU,-38.3667,142.45
479,Denver,AU,-37.2667,144.3
480,Dereel,AU,-37.8167,143.7667
481,Derrimut,AU,-37.8167,144.7333
482,Derrinal,AU,-36.8833,144.6333
483,Derrinallum,AU,-37.95,143.2167
484,Devenish,AU,-36.3333,145.9
485,Devils River,N/A,N/A,N/A
486,Devon Meadows,AU,-38.1667,145.3
487,Devon North,N/A,N/A,N/A
488,Dewhurst,N/A,N/A,N/A
489,Dhurringile,N/A,N/A,N/A
490,Diamond Creek,AU,-37.6667,145.15
491,Digby,AU,-37.8,141.5333
492,Diggers Rest,AU,-37.6333,144.7333
493,Dimboola,AU,-36.4667,142.05
494,Dingee,AU,-36.3699,144.2326
495,Dingley Village,AU,-37.9827,145.1342
496,Dingwall,AU,-35.8,143.85
497,Dinner Plain,AU,-37.0236,147.239
498,Dixons Creek,AU,-37.6,145.4167
499,Dobie,AU,-37.3167,143.0333
500,Dockers Plains,N/A,N/A,N/A
501,Docklands,AU,-37.8175,144.9395
502,Dollar,AU,-38.5665,146.1758
503,Don Valley,AU,-37.7609,145.5869
504,Donald,N/A,N/A,N/A
505,Doncaster,AU,-37.7883,145.1237
506,Doncaster East,AU,-37.7789,145.1639
507,Donnybrook,AU,-33.5833,115.8167
508,Donvale,AU,-37.7891,145.1749
509,Dooen,AU,-36.6667,142.2833
510,Dookie,AU,-36.3333,145.7
511,Doreen,AU,-37.6,145.15
512,Dorodong,N/A,N/A,N/A
513,Doveton,AU,-37.9888,145.2386
514,Driffield,N/A,N/A,N/A
515,Dromana,AU,-38.3418,144.9656
516,Drouin,N/A,N/A,N/A
517,Drouin East,N/A,N/A,N/A
518,Drouin South,AU,-38.1667,145.8333
519,Drouin West,AU,-38.1,145.8667
520,Drumborg,AU,-38.0833,141.6
521,Drumcondra,AU,-38.1302,144.354
522,Drummond,AU,-37.2333,144.3333
523,Drummond North,N/A,N/A,N/A
524,Drung,N/A,N/A,N/A
525,Dry Diggings,N/A,N/A,N/A
526,Drysdale,AU,-38.1667,144.5667
527,Duchembegarra,N/A,N/A,N/A
528,Dumbalk,AU,-38.5333,146.0833
529,Dumosa,N/A,N/A,N/A
530,Dunach,AU,-37.2167,143.7167
531,Dunkeld,AU,-37.65,142.35
532,Dunluce,AU,-36.9,143.6
533,Dunneworthy,N/A,N/A,N/A
534,Dunolly,AU,-36.85,143.7333
535,Durdidwarrah,N/A,N/A,N/A
536,Durham Lead,AU,-37.7,143.8833
537,Durham Ox,AU,-36.1333,143.9167
538,Dutson,N/A,N/A,N/A
539,Eagle Point,AU,-37.9,147.6833
540,Eaglehawk,AU,-36.7333,144.25
541,Eaglehawk North,N/A,N/A,N/A
542,Eaglemont,AU,-37.7651,145.0633
543,East Bairnsdale,N/A,N/A,N/A
544,East Bendigo,AU,-36.7472,144.3135
545,East Geelong,AU,-38.1556,144.3802
546,East Melbourne,AU,-37.8167,144.9879
547,East Wangaratta,N/A,N/A,N/A
548,East Warburton,N/A,N/A,N/A
549,Eastern View,N/A,N/A,N/A
550,Eastwood,AU,-33.8,151.0833
551,Ebden,AU,-36.15,147.0333
552,Echuca,AU,-36.1333,144.75
553,Echuca Village,N/A,N/A,N/A
554,Echuca West,N/A,N/A,N/A
555,Eden Park,AU,-37.4833,145.0833
556,Edenhope,AU,-37.05,141.3
557,Edgecombe,AU,-37.1833,144.4333
558,Edi,AU,-36.6491,146.427
559,Edithvale,AU,-38.0372,145.1097
560,Eganstown,AU,-37.3667,144.0833
561,Eildon,AU,-37.2333,145.9167
562,Elaine,AU,-37.7833,144.0333
563,Eldorado,AU,-36.3,146.5167
564,Elevated Plains,N/A,N/A,N/A
565,Elingamite,N/A,N/A,N/A
566,Ellerslie,AU,-38.15,142.7
567,Elliminyt,AU,-38.35,143.5833
568,Ellinbank,AU,-38.2333,145.9333
569,Elmhurst,AU,-37.1667,143.25
570,Elmore,AU,-36.5,144.6
571,Elphinstone,AU,-37.1,144.3333
572,Elsternwick,AU,-37.8844,145.0043
573,Eltham,AU,-37.7333,145.15
574,Eltham North,AU,-37.7,145.15
575,Elwood,AU,-37.8817,144.983
576,Emerald,AU,-23.5333,148.1667
577,Emu Creek,AU,-36.8333,144.35
578,Endeavour Hills,AU,-37.9703,145.2563
579,Enfield,AU,-34.8526,138.6026
580,Englefield,N/A,N/A,N/A
581,Eppalock,AU,-36.8333,144.4167
582,Epping,AU,-33.7727,151.0818
583,Epsom,AU,-36.7167,144.3167
584,Erica,AU,-37.9833,146.3667
585,Eskdale,AU,-36.4667,147.2333
586,Essendon,AU,-37.7498,144.9109
587,Essendon Fields,AU,-37.7269,144.9004
588,Essendon North,AU,-37.7385,144.9012
589,Essendon West,N/A,N/A,N/A
590,Eumemmerring,AU,-37.9985,145.2469
591,Eureka,AU,-37.5647,143.8826
592,Euroa,AU,-36.75,145.5667
593,Eurobin,AU,-36.6333,146.8667
594,Eversley,AU,-37.2,143.1667
595,Everton,AU,-36.4167,146.55
596,Everton Upper,N/A,N/A,N/A
597,Exford,N/A,N/A,N/A
598,Eynesbury,AU,-37.7908,144.5562
599,Fairfield,AU,-27.5064,153.0248
600,Faraday,AU,-37.05,144.3
601,Fawkner,AU,-37.7167,144.9667
602,Ferguson,AU,-33.4405,115.85
603,Fernbank,AU,-37.8667,147.3167
604,Fernihurst,AU,-36.25,143.8667
605,Ferntree Gully,AU,-37.8846,145.2954
606,Ferny Creek,AU,-37.8833,145.3333
607,Fingal,AU,-41.6333,147.9667
608,Fish Creek,AU,-38.6833,146.0833
609,Fitzroy,AU,-37.7833,144.9833
610,Fitzroy North,N/A,N/A,N/A
611,Flaggy Creek,N/A,N/A,N/A
612,Flemington,AU,-37.7868,144.9194
613,Flinders,AU,-34.5833,150.8552
614,Flora Hill,AU,-36.7781,144.2984
615,Flowerdale,AU,-40.9833,145.6833
616,Flynn,AU,-38.1667,146.6833
617,Footscray,AU,-37.8,144.9
618,Forest Hill,AU,-37.8366,145.1652
619,Forge Creek,AU,-37.9,147.6333
620,Forrest,AU,-30.85,128.1
621,Foster,AU,-38.651,146.2019
622,Foster North,N/A,N/A,N/A
623,Fosterville,N/A,N/A,N/A
624,Framlingham,AU,-38.2333,142.7167
625,Franklinford,AU,-37.2379,144.1161
626,Frankston,AU,-38.1333,145.1167
627,Frankston North,AU,-38.1229,145.161
628,Frankston South,AU,-38.1765,145.1296
629,Freeburgh,AU,-36.7833,147.0333
630,Freshwater Creek,AU,-38.2667,144.2833
631,Fryerstown,AU,-37.1333,144.25
632,Fulham,AU,-38.1,146.9833
633,Fumina South,AU,-37.95,146.1167
634,Fyans Creek,N/A,N/A,N/A
635,Fyansford,AU,-38.1333,144.3167
636,Gaffneys Creek,N/A,N/A,N/A
637,Gannawarra,AU,-35.7321,143.8532
638,Gapsted,AU,-36.5074,146.6757
639,Gardenvale,AU,-37.8981,145.0092
640,Garfield,AU,-38.0899,145.6762
641,Garfield North,N/A,N/A,N/A
642,Garvoc,AU,-38.3,142.8333
643,Geelong,AU,-38.1471,144.3607
644,Geelong West,AU,-38.1333,144.35
645,Gellibrand,AU,-38.5167,143.5333
646,Gelliondale,N/A,N/A,N/A
647,Gembrook,AU,-37.95,145.55
648,Genoa,AU,-37.4833,149.5833
649,Gerang Gerung,AU,-36.3667,141.9
650,Gerangamete,AU,-38.45,143.7333
651,Gherang,N/A,N/A,N/A
652,Gheringhap,AU,-38.0833,144.2333
653,Ghin Ghin,N/A,N/A,N/A
654,Giffard,AU,-38.4167,147.0833
655,Giffard West,N/A,N/A,N/A
656,Gil Gil,N/A,N/A,N/A
657,Gilderoy,AU,-37.8667,145.7167
658,Gillieston,N/A,N/A,N/A
659,Gipsy Point,AU,-37.4781,149.6816
660,Girgarre,AU,-36.3978,144.9813
661,Girgarre East,N/A,N/A,N/A
662,Gisborne,AU,-37.4833,144.5833
663,Gisborne South,N/A,N/A,N/A
664,Gladfield,N/A,N/A,N/A
665,Gladstone Park,AU,-37.6898,144.8945
666,Gladysdale,AU,-37.8,145.65
667,Glen Alvie,N/A,N/A,N/A
668,Glen Creek,AU,-36.45,146.95
669,Glen Forbes,AU,-38.45,145.5333
670,Glen Huntly,AU,-37.8895,145.0461
671,Glen Iris,AU,-37.86,145.0549
672,Glen Park,N/A,N/A,N/A
673,Glen Waverley,AU,-37.8781,145.1648
674,Glenaladale,AU,-37.7833,147.35
675,Glenalbyn,N/A,N/A,N/A
676,Glenaroua,AU,-37.1,144.9667
677,Glenburn,AU,-37.4167,145.4167
678,Glendaruel,AU,-37.35,143.7167
679,Glengarry,AU,-41.35,146.8833
680,Glengarry North,N/A,N/A,N/A
681,Glengarry West,AU,-38.15,146.5167
682,Glenhope East,N/A,N/A,N/A
683,Glenlyon,AU,-37.3,144.25
684,Glenmaggie,AU,-37.9,146.75
685,Glenorchy,AU,-42.8334,147.2759
686,Glenormiston North,AU,-38.15,142.9833
687,Glenormiston South,AU,-38.1725,142.9578
688,Glenpatrick,AU,-30.4983,150.0011
689,Glenrowan,AU,-36.4667,146.2333
690,Glenroy,AU,-37.7,144.9333
691,Glenthompson,AU,-37.6363,142.5471
692,Gnotuk,AU,-38.2167,143.1167
693,Gobur,N/A,N/A,N/A
694,Golden Beach,AU,-26.8157,153.1198
695,Golden Gully,AU,-36.7915,144.2665
696,Golden Point,AU,-37.5749,143.8687
697,Golden Square,AU,-36.7714,144.2617
698,Goldsborough,AU,-36.8167,143.6833
699,Gonn Crossing,N/A,N/A,N/A
700,Goongerah,AU,-37.3313,148.7008
701,Gooram,N/A,N/A,N/A
702,Goorambat,AU,-36.4167,145.9167
703,Goornong,AU,-36.6167,144.5
704,Gorae,AU,-38.2333,141.55
705,Gorae West,AU,-38.25,141.4833
706,Gordon,AU,-29.3,152.7167
707,Gormandale,AU,-38.2833,146.7
708,Goroke,AU,-36.7167,141.4833
709,Goughs Bay,AU,-37.1861,146.0667
710,Goulburn Weir,N/A,N/A,N/A
711,Gowanbrae,AU,-37.7027,144.8976
712,Grahamvale,AU,-36.3725,145.4444
713,Grand Ridge,N/A,N/A,N/A
714,Granite Rock,N/A,N/A,N/A
715,Grantville,AU,-38.4074,145.5319
716,Granya,AU,-36.1167,147.3167
717,Grassdale,N/A,N/A,N/A
718,Grassmere,AU,-38.2833,142.5333
719,Graytown,AU,-36.8167,144.95
720,Gre Gre,N/A,N/A,N/A
721,Great Western,AU,-37.15,142.85
722,Green Gully,AU,-32.79,149.6761
723,Greendale,AU,-37.5667,144.3167
724,Greenhill,AU,-31.0667,152.8
725,Greensborough,AU,-37.7046,145.103
726,Greenvale,AU,-37.6333,144.8667
727,Greenwald,AU,-37.9667,141.3667
728,Greta South,AU,-36.6167,146.25
729,Greta West,AU,-36.5333,146.2167
730,Grovedale,AU,-38.2,144.35
731,Gruyere,AU,-37.7333,145.45
732,Guildford,AU,-31.9,115.9667
733,Gunbower,AU,-35.95,144.3667
734,Gundowring,AU,-36.4333,147.05
735,Guys Forest,N/A,N/A,N/A
736,Guys Hill,N/A,N/A,N/A
737,Haddon,AU,-37.6,143.7167
738,Hadfield,AU,-37.7102,144.9503
739,Hallam,AU,-38.0167,145.2667
740,Hallora,AU,-38.2667,145.8333
741,Halls Gap,AU,-37.1391,142.5193
742,Hallston,AU,-38.3667,146.0333
743,Hamilton,AU,-37.7443,142.022
744,Hamlyn Heights,AU,-38.1211,144.324
745,Hampton,AU,-37.9372,145.0046
746,Hampton East,AU,-37.937,145.0286
747,Hampton Park,AU,-38.0333,145.25
748,Harcourt,AU,-37,144.25
749,Harcourt North,N/A,N/A,N/A
750,Harkaway,AU,-38,145.35
751,Harrietville,AU,-36.9167,147.0667
752,Harrow,AU,-37.1655,141.5922
753,Harston,AU,-36.4667,145.15
754,Hastings,AU,-38.3,145.1833
755,Hattah,N/A,N/A,N/A
756,Havelock,N/A,N/A,N/A
757,Haven,N/A,N/A,N/A
758,Hawthorn,AU,-37.8199,145.0358
759,Hawthorn East,AU,-37.8248,145.0464
760,Hazelwood,AU,-38.2833,146.35
761,Hazelwood North,N/A,N/A,N/A
762,Healesville,AU,-37.65,145.5167
763,Heathcote,AU,-34.0833,151.0167
764,Heathcote Junction,AU,-37.35,145.0333
765,Heathcote South,N/A,N/A,N/A
766,Heatherton,AU,-37.9561,145.0932
767,Heathmere,AU,-38.2167,141.6167
768,Heathmont,AU,-37.8333,145.25
769,Hedley,AU,-38.6333,146.5
770,Heidelberg,AU,-37.75,145.0667
771,Heidelberg Heights,AU,-37.7452,145.0529
772,Heidelberg West,AU,-37.7382,145.0434
773,Hepburn,AU,-37.3167,144.1333
774,Hepburn Springs,AU,-37.3163,144.1379
775,Herne Hill,AU,-31.8333,116.0167
776,Hernes Oak,N/A,N/A,N/A
777,Hesket,AU,-37.35,144.65
778,Hexham,AU,-32.8317,151.6844
779,Heyfield,AU,-37.9813,146.7856
780,Heytesbury Lower,N/A,N/A,N/A
781,Heywood,AU,-38.1333,141.6333
782,High Camp,AU,-37.1833,144.9
783,Highett,AU,-37.9517,145.0394
784,Highton,AU,-38.1709,144.319
785,Hill End,AU,-33.0317,149.4178
786,Hillcrest,AU,-41.0633,145.898
787,Hilldene,AU,-37.0333,145.0667
788,Hillside,AU,-37.6905,144.7417
789,Hoddles Creek,AU,-37.8333,145.5833
790,Hollands Landing,AU,-38.0539,147.4605
791,Hopetoun,AU,-35.7333,142.3667
792,Hopetoun Park,AU,-37.695,144.5016
793,Hoppers Crossing,AU,-37.8826,144.7003
794,Horfield,N/A,N/A,N/A
795,Horsham,AU,-36.7167,142.2
796,Hotspur,AU,-37.9333,141.5667
797,Howqua,AU,-37.2333,146.1167
798,Howqua Inlet,AU,-37.2236,146.1346
799,Hughesdale,AU,-37.8995,145.0812
800,Humevale,AU,-37.5,145.1667
801,Huntingdale,AU,-32.0775,115.962
802,Huntly,AU,-36.6667,144.3333
803,Huon,AU,-36.2333,147.0667
804,Hurstbridge,AU,-37.65,145.2167
805,Icy Creek,AU,-37.8763,146.0961
806,Illawarra,AU,-37.0667,142.7
807,Illowa,AU,-38.3333,142.4167
808,Indented Head,N/A,N/A,N/A
809,Indigo Valley,N/A,N/A,N/A
810,Inglewood,AU,-36.5833,143.8667
811,Invergordon,AU,-36.1667,145.5833
812,Inverleigh,AU,-38.1,144.05
813,Inverloch,AU,-38.6333,145.7167
814,Invermay,AU,-41.3917,147.1306
815,Invermay Park,AU,-37.5293,143.8591
816,Iona,AU,-38.1333,145.6833
817,Iraak,N/A,N/A,N/A
818,Ironbark,AU,-36.7559,144.2669
819,Irrewarra,N/A,N/A,N/A
820,Irrewillipe,AU,-38.4,143.4167
821,Irrewillipe East,N/A,N/A,N/A
822,Irymple,AU,-34.25,142.1667
823,Ivanhoe,AU,-37.769,145.0431
824,Ivanhoe East,AU,-37.7734,145.0618
825,Jacana,AU,-37.6877,144.9112
826,Jackass Flat,AU,-36.7219,144.2851
827,Jacob Creek,N/A,N/A,N/A
828,Jam Jerrup,AU,-38.3235,145.5181
829,Jamieson,AU,-37.3167,146.1333
830,Jan Juc,N/A,N/A,N/A
831,Jancourt,AU,-38.3667,143.1
832,Jancourt East,N/A,N/A,N/A
833,Jarrahmond,N/A,N/A,N/A
834,Jarvis Creek,N/A,N/A,N/A
835,Jeeralang,AU,-38.4,146.4667
836,Jeeralang Junction,AU,-38.3333,146.4167
837,Jeetho,AU,-38.3833,145.7167
838,Jeffcott North,N/A,N/A,N/A
839,Jeparit,AU,-36.15,141.9833
840,Jindivick,AU,-38.0333,145.9
841,Johnsonville,AU,-37.8167,147.8
842,Junction Village,AU,-38.1363,145.2969
843,Jung,AU,-36.6167,142.3667
844,Junortoun,AU,-36.774,144.3802
845,Kaarimba,N/A,N/A,N/A
846,Kalimna,N/A,N/A,N/A
847,Kalimna West,AU,-37.8603,147.9505
848,Kalkallo,AU,-37.5333,144.95
849,Kalkee,N/A,N/A,N/A
850,Kallista,AU,-37.8833,145.3667
851,Kalorama,AU,-37.8167,145.3667
852,Kamarooka,AU,-36.4667,144.3333
853,Kancoona,AU,-36.5833,146.9833
854,Kangaroo Flat,AU,-36.8,144.25
855,Kangaroo Ground,AU,-32.6483,149.2511
856,Kaniva,AU,-36.3833,141.25
857,Kanumbra,AU,-37.05,145.6667
858,Kanyapella,N/A,N/A,N/A
859,Kardella South,AU,-38.45,145.8833
860,Katamatite,AU,-36.0833,145.7
861,Katandra West,AU,-36.2276,145.5592
862,Katunga,AU,-36.0167,145.4667
863,Kawarren,AU,-38.4833,143.5833
864,Kealba,AU,-37.7371,144.8283
865,Keely,AU,-35.85,144.25
866,Keilor,AU,-37.7167,144.8333
867,Keilor Downs,AU,-37.7206,144.8048
868,Keilor East,AU,-37.7384,144.8561
869,Keilor Lodge,AU,-37.6984,144.7998
870,Keilor North,AU,-37.6816,144.793
871,Keilor Park,AU,-37.7187,144.8502
872,Kellalac,N/A,N/A,N/A
873,Kennett River,N/A,N/A,N/A
874,Kennington,AU,-36.7833,144.3
875,Kensington,AU,-33.9167,151.2167
876,Kerang,AU,-35.7333,143.9167
877,Kerang East,N/A,N/A,N/A
878,Kergunyah,AU,-36.3833,147.05
879,Kerrie,N/A,N/A,N/A
880,Kerrisdale,N/A,N/A,N/A
881,Kevington,AU,-37.359,146.1613
882,Kew,AU,-37.8034,145.0333
883,Kew East,AU,-37.7976,145.0538
884,Keysborough,AU,-37.9912,145.1738
885,Kialla,AU,-36.4161,145.3954
886,Kialla East,AU,-36.45,145.5333
887,Kialla West,AU,-36.6333,145.3833
888,Kiata,AU,-36.3629,141.7921
889,Kiewa,AU,-36.2667,147.0167
890,Kilcunda,AU,-38.55,145.4833
891,Killara,AU,-33.7661,151.1601
892,Killarney,AU,-28.3333,152.3
893,Killawarra,AU,-36.25,146.25
894,Kilmany,AU,-38.1,146.9
895,Kilmore,AU,-37.3,144.95
896,Kilmore East,AU,-37.3,144.9833
897,Kilsyth,AU,-37.8,145.3167
898,Kilsyth South,AU,-37.8315,145.311
899,Kimbolton,N/A,N/A,N/A
900,King Valley,N/A,N/A,N/A
901,Kinglake,AU,-37.5327,145.3411
902,Kinglake Central,AU,-37.5,145.3
903,Kinglake West,AU,-37.4667,145.2333
904,Kingower,AU,-36.6167,143.75
905,Kings Park,AU,-33.7433,150.9086
906,Kingsbury,AU,-37.7156,145.0356
907,Kingston,AU,-42.9667,147.3167
908,Kingsville,AU,-37.8089,144.8794
909,Kirkstall,AU,-38.2667,142.3167
910,Knockwood,N/A,N/A,N/A
911,Knowsley,AU,-36.8266,144.5866
912,Knoxfield,AU,-37.8898,145.2496
913,Koetong,AU,-36.15,147.5
914,Kongwak,AU,-38.5167,145.7
915,Koo Wee Rup,AU,-38.1991,145.4929
916,Koondrook,AU,-35.65,144.1167
917,Koonoomoo,AU,-35.8881,145.5748
918,Koonwarra,AU,-38.55,145.95
919,Kooreh,N/A,N/A,N/A
920,Koorlong,AU,-34.2833,142.0833
921,Koornalla,AU,-38.3167,146.5333
922,Koorooman,N/A,N/A,N/A
923,Kooyong,AU,-37.8399,145.0352
924,Koriella,N/A,N/A,N/A
925,Koroit,AU,-38.3,142.3667
926,Korong Vale,AU,-36.3559,143.7039
927,Korumburra,AU,-38.4333,145.8167
928,Korumburra South,AU,-38.4667,145.85
929,Korweinguboora,AU,-37.45,144.1333
930,Kotta,AU,-36.2,144.5333
931,Kotupna,AU,-36.15,145.15
932,Koyuga,AU,-36.2167,144.9
933,Krowera,AU,-38.4333,145.6667
934,Kurting,N/A,N/A,N/A
935,Kurunjang,AU,-37.6759,144.5969
936,Kyabram,AU,-36.3167,145.05
937,Kyabram South,N/A,N/A,N/A
938,Kyneton,AU,-37.25,144.4333
939,Kyvalley,N/A,N/A,N/A
940,Laanecoorie,AU,-36.8167,143.9
941,Labertouche,AU,-38.05,145.8
942,Laceby,AU,-36.4333,146.3
943,Ladys Pass,N/A,N/A,N/A
944,Lah,N/A,N/A,N/A
945,Laharum,N/A,N/A,N/A
946,Lake Boga,AU,-35.4667,143.65
947,Lake Bolac,AU,-37.7,142.85
948,Lake Bunga,N/A,N/A,N/A
949,Lake Eildon,N/A,N/A,N/A
950,Lake Gardens,AU,-37.5448,143.8158
951,Lake Lonsdale,N/A,N/A,N/A
952,Lake Mundi,N/A,N/A,N/A
953,Lake Powell,N/A,N/A,N/A
954,Lake Rowan,AU,-36.2667,145.9667
955,Lake Tyers,AU,-37.85,148.0667
956,Lake Tyers Beach,AU,-37.858,148.0831
957,Lake Wendouree,AU,-37.5502,143.834
958,Lakes Entrance,AU,-37.8811,147.981
959,Lal Lal,AU,-37.676,144.0128
960,Lalbert,AU,-35.6833,143.3667
961,Lalor,AU,-37.6667,145.0167
962,Lamplough,AU,-37.1333,143.5167
963,Lancaster,AU,-36.3132,145.1317
964,Lancefield,AU,-37.2763,144.734
965,Landsborough,AU,-37.0167,143.15
966,Lang Lang,AU,-38.2667,145.5667
967,Langi Kal Kal,AU,-37.4055,143.4867
968,Langkoop,AU,-37.1,141.0333
969,Langley,N/A,N/A,N/A
970,Langsborough,N/A,N/A,N/A
971,Langwarrin,AU,-38.1667,145.1667
972,Langwarrin South,AU,-38.1891,145.1911
973,Lara,AU,-38.0167,144.4
974,Lardner,AU,-38.2,145.8667
975,Larpent,AU,-38.35,143.5
976,Lascelles,AU,-35.6167,142.5833
977,Launching Place,AU,-37.7807,145.5692
978,Lauriston,AU,-37.25,144.3833
979,Lavers Hill,AU,-38.6667,143.4
980,Laverton,AU,-37.862,144.7698
981,Laverton North,AU,-37.8301,144.7869
982,Lawloit,N/A,N/A,N/A
983,Learmonth,AU,-22.25,114.0833
984,Ledcourt,N/A,N/A,N/A
985,Leigh Creek,AU,-30.4833,138.4167
986,Leitchville,AU,-35.9,144.2833
987,Lemnos,AU,-36.35,145.4667
988,Leneva,AU,-36.2167,146.9
989,Leongatha,AU,-38.4833,145.95
990,Leongatha North,N/A,N/A,N/A
991,Leongatha South,N/A,N/A,N/A
992,Leopold,AU,-38.1833,144.4667
993,Lerderderg,N/A,N/A,N/A
994,Leslie Manor,AU,-38.1333,143.3833
995,Lethbridge,AU,-37.9672,144.1331
996,Lexton,AU,-37.2667,143.5167
997,Licola,AU,-37.6333,146.6167
998,Licola North,AU,-37.5195,146.5505
999,Lillimur,AU,-36.3625,141.1276
1000,Lilliput,N/A,N/A,N/A
1001,Lilydale,AU,-37.75,145.35
1002,Lindenow,AU,-37.8,147.4833
1003,Lindenow South,AU,-37.8167,147.4333
1004,Lindsay Point,N/A,N/A,N/A
1005,Linton,AU,-37.6833,143.5667
1006,Lismore,AU,-28.8135,153.2773
1007,Litchfield,AU,-36.3,142.8667
1008,Little River,AU,-37.9667,144.5
1009,Loch,AU,-38.3667,145.7
1010,Loch Sport,AU,-38.0447,147.5867
1011,Loch Valley,AU,-37.8333,146
1012,Lockington,AU,-36.2667,144.5333
1013,Locksley,AU,-36.8333,145.3333
1014,Lockwood,AU,-36.8333,144.15
1015,Lockwood South,AU,-36.8385,144.156
1016,Logan,AU,-36.6167,143.4667
1017,Long Forest,N/A,N/A,N/A
1018,Long Gully,AU,-36.741,144.2584
1019,Longford,AU,-41.6,147.1167
1020,Longlea,AU,-36.7833,144.4333
1021,Longwarry,AU,-38.1,145.7667
1022,Longwarry North,AU,-38.0833,145.7667
1023,Longwood,AU,-35.0449,138.7274
1024,Longwood East,N/A,N/A,N/A
1025,Lorne,AU,-38.55,143.9667
1026,Lovely Banks,AU,-38.0667,144.3333
1027,Lower Plenty,AU,-37.7333,145.1167
1028,Lucas,AU,-37.5522,143.7697
1029,Lucknow,AU,-33.346,149.1621
1030,Lynbrook,AU,-38.0559,145.2561
1031,Lyndhurst,AU,-30.2833,138.35
1032,Lyons,AU,-35.3406,149.0739
1033,Lyonville,AU,-37.3833,144.2667
1034,Lysterfield,AU,-37.9333,145.3
1035,Lysterfield South,AU,-37.9525,145.2669
1036,Macarthur,AU,-35.4086,149.132
1037,Macclesfield,AU,-35.1833,138.8333
1038,Macedon,AU,-37.4167,144.5667
1039,Macleod,AU,-37.7204,145.0698
1040,Macorna,AU,-35.9,144.0167
1041,Macs Cove,N/A,N/A,N/A
1042,Maddingley,AU,-37.6852,144.4324
1043,Mafeking,N/A,N/A,N/A
1044,Maffra,AU,-37.9667,146.9833
1045,Maffra West Upper,AU,-37.9,146.85
1046,Magpie,AU,-37.6167,143.85
1047,Maiden Gully,AU,-36.7427,144.2005
1048,Maidstone,AU,-37.7819,144.8742
1049,Mailors Flat,AU,-38.3,142.4667
1050,Main Ridge,N/A,N/A,N/A
1051,Maindample,AU,-37.0333,145.9333
1052,Major Plains,N/A,N/A,N/A
1053,Majorca,AU,-37.1167,143.8
1054,Maldon,AU,-36.9833,144.0833
1055,Mallacoota,AU,-37.55,149.75
1056,Malmsbury,AU,-37.1833,144.3833
1057,Malvern,AU,-37.8626,145.0281
1058,Malvern East,AU,-37.874,145.0425
1059,Mambourin,N/A,N/A,N/A
1060,Manangatang,AU,-35.05,142.8833
1061,Mandurang,AU,-36.8167,144.3
1062,Mandurang South,AU,-36.85,144.2833
1063,Mangalore,AU,-42.6539,147.2416
1064,Manifold Heights,AU,-38.1374,144.3338
1065,Manns Beach,N/A,N/A,N/A
1066,Mansfield,AU,-37.05,146.0833
1067,Marcus Hill,AU,-38.25,144.5667
1068,Marengo,N/A,N/A,N/A
1069,Maribyrnong,AU,-37.7833,144.8833
1070,Markwood,AU,-36.4574,146.4984
1071,Marlo,AU,-37.7833,148.5333
1072,Marong,AU,-36.7333,144.1333
1073,Maroona,AU,-37.4167,142.8667
1074,Marraweeney,AU,-36.75,145.75
1075,Marshall,N/A,N/A,N/A
1076,Marungi,AU,-36.2,145.5167
1077,Maryborough,AU,-25.5333,152.7
1078,Marysville,AU,-37.5167,145.75
1079,Maryvale,AU,-28.0667,152.2333
1080,Matlock,N/A,N/A,N/A
1081,McCrae,AU,-38.36,144.9339
1082,McKenzie Creek,AU,-36.8,142.1833
1083,McKenzie Hill,N/A,N/A,N/A
1084,McKinnon,AU,-37.9106,145.0386
1085,McLoughlins Beach,N/A,N/A,N/A
1086,McMahons Creek,AU,-37.7167,145.8333
1087,Mead,AU,-35.8094,144.1262
1088,Meadow Heights,AU,-37.6512,144.9186
1089,Meatian,N/A,N/A,N/A
1090,Meeniyan,AU,-38.5833,146.0167
1091,Meerlieu,AU,-38,147.4
1092,Melbourne,AU,-37.814,144.9633
1093,Melbourne Airport,AU,-37.6764,144.8365
1094,Melton,AU,-37.6833,144.5833
1095,Melton South,AU,-37.7077,144.5749
1096,Melton West,AU,-37.6785,144.5688
1097,Mentone,AU,-37.9833,145.0667
1098,Menzies Creek,AU,-37.9167,145.4
1099,Mepunga,N/A,N/A,N/A
1100,Mepunga East,AU,-38.45,142.7333
1101,Merbein,AU,-34.1833,142.0667
1102,Merbein South,AU,-34.2333,142.0333
1103,Merbein West,N/A,N/A,N/A
1104,Meredith,AU,-37.85,144.0833
1105,Meringur,N/A,N/A,N/A
1106,Merino,AU,-37.7167,141.55
1107,Mernda,AU,-37.6,145.1
1108,Merriang,AU,-36.5548,146.6832
1109,Merriang South,N/A,N/A,N/A
1110,Merricks,AU,-38.3833,145.0833
1111,Merricks North,AU,-38.35,145.0833
1112,Merrigum,AU,-36.3667,145.15
1113,Merrijig,AU,-37.1,146.25
1114,Merrimu,AU,-37.6576,144.4535
1115,Merton,AU,-36.9833,145.7167
1116,Metcalfe,AU,-37.1,144.4333
1117,Metung,AU,-37.8833,147.85
1118,Mia Mia,AU,-36.9999,144.5715
1119,Mickleham,AU,-37.5617,144.8773
1120,Middle Creek,AU,-37.4,143.2333
1121,Middle Park,AU,-27.5534,152.9212
1122,Middle Tarwin,AU,-38.6667,145.9333
1123,Miepoll,AU,-36.6167,145.4667
1124,Milawa,AU,-36.4333,146.4333
1125,Mildura,AU,-34.2,142.15
1126,Mill Park,AU,-37.6641,145.0643
1127,Millgrove,AU,-37.7667,145.65
1128,Milnes Bridge,N/A,N/A,N/A
1129,Miners Rest,AU,-37.4833,143.8
1130,Minhamite,AU,-37.9833,142.35
1131,Minimay,AU,-36.7122,141.1806
1132,Minjah,AU,-38.0347,142.4416
1133,Minyip,AU,-36.45,142.5833
1134,Mirboo,AU,-38.4667,146.2
1135,Mirboo North,AU,-38.4,146.15
1136,Mitcham,AU,-34.9833,138.6
1137,Mitchell Park,AU,-35.006,138.5616
1138,Mitiamo,AU,-36.2167,144.2333
1139,Mitre,AU,-36.7333,141.7833
1140,Mittyack,N/A,N/A,N/A
1141,Mockinya,AU,-36.9667,142.15
1142,Modella,AU,-38.1833,145.7167
1143,Modewarre,AU,-38.25,144.1333
1144,Moe,AU,-38.1667,146.2667
1145,Moe South,N/A,N/A,N/A
1146,Molesworth,AU,-37.1667,145.5333
1147,Moliagul,AU,-36.75,143.6667
1148,Mollongghip,AU,-37.4833,144.0333
1149,Monbulk,AU,-37.8833,145.4
1150,Monegeetta,AU,-37.413,144.7474
1151,Monomeith,AU,-38.2167,145.5167
1152,Mont Albert,AU,-37.8175,145.1076
1153,Mont Albert North,AU,-37.8004,145.1083
1154,Montgomery,AU,-38.0333,147.0667
1155,Montmorency,AU,-37.7167,145.1167
1156,Montrose,AU,-37.8167,145.35
1157,Moolap,AU,-38.1833,144.4333
1158,Moolerr,N/A,N/A,N/A
1159,Moolort,N/A,N/A,N/A
1160,Moonambel,AU,-36.9833,143.3167
1161,Moondarra,N/A,N/A,N/A
1162,Moonee Ponds,AU,-37.7667,144.9167
1163,Moorabbin,AU,-37.9367,145.0342
1164,Moorabbin Airport,AU,-37.9775,145.0995
1165,Moorabool,AU,-38.0833,144.3
1166,Moorooduc,AU,-38.2167,145.1167
1167,Mooroolbark,AU,-37.7813,145.3257
1168,Mooroopna,AU,-36.4,145.35
1169,Mooroopna North,AU,-36.3333,145.3
1170,Moranding,N/A,N/A,N/A
1171,Mordialloc,AU,-38,145.0833
1172,Moriac,AU,-38.2333,144.1667
1173,Mornington,AU,-38.2167,145.0333
1174,Mortlake,AU,-38.0833,142.8167
1175,Morwell,AU,-38.2333,146.4
1176,Mossiface,AU,-37.7333,147.8167
1177,Mount Alfred,N/A,N/A,N/A
1178,Mount Beauty,AU,-36.75,147.1667
1179,Mount Bruno,N/A,N/A,N/A
1180,Mount Buller,N/A,N/A,N/A
1181,Mount Burnett,AU,-37.9833,145.5
1182,Mount Camel,AU,-36.7544,144.7631
1183,Mount Clear,AU,-37.6,143.8833
1184,Mount Cottrell,AU,-37.8167,144.5833
1185,Mount Dandenong,AU,-37.8333,145.3667
1186,Mount Doran,N/A,N/A,N/A
1187,Mount Duneed,AU,-38.25,144.3333
1188,Mount Egerton,AU,-37.6333,144.1
1189,Mount Eliza,AU,-38.1833,145.0833
1190,Mount Emu,N/A,N/A,N/A
1191,Mount Evelyn,AU,-37.7833,145.3833
1192,Mount Glasgow,N/A,N/A,N/A
1193,Mount Helen,AU,-37.6205,143.89
1194,Mount Macedon,AU,-37.3833,144.6
1195,Mount Martha,AU,-38.2755,145.0308
1196,Mount Mercer,AU,-37.8167,143.85
1197,Mount Moriac,AU,-38.2167,144.1833
1198,Mount Pleasant,AU,-34.7755,139.0479
1199,Mount Richmond,AU,-38.1974,141.3571
1200,Mount Rowan,N/A,N/A,N/A
1201,Mount Taylor,AU,-37.7398,147.5972
1202,Mount Wallace,AU,-37.75,144.2167
1203,Mount Waverley,AU,-37.8771,145.1294
1204,Moutajup,AU,-37.6667,142.2333
1205,Moyhu,AU,-36.6,146.4
1206,Moyreisk,N/A,N/A,N/A
1207,Moyston,AU,-37.3,142.7667
1208,Muckatah,AU,-36.015,145.6487
1209,Muckleford,AU,-37.0167,144.15
1210,Mudgegonga,N/A,N/A,N/A
1211,Mulgrave,AU,-37.9167,145.2
1212,Mumbannar,N/A,N/A,N/A
1213,Munro,AU,-37.9167,147.1833
1214,Murchison,AU,-36.6174,145.2166
1215,Murchison East,AU,-36.6151,145.2404
1216,Murchison North,N/A,N/A,N/A
1217,Murphys Creek,AU,-27.4667,152.05
1218,Murrabit,AU,-35.5286,143.9559
1219,Murrabit West,N/A,N/A,N/A
1220,Murrawee,N/A,N/A,N/A
1221,Murraydale,N/A,N/A,N/A
1222,Murrayville,AU,-35.2667,141.1833
1223,Murrindal,N/A,N/A,N/A
1224,Murrindindi,AU,-37.3667,145.5333
1225,Murrumbeena,AU,-37.8902,145.0711
1226,Murtoa,AU,-36.6,142.4833
1227,Musk,N/A,N/A,N/A
1228,Musk Vale,AU,-37.3833,144.1333
1229,Myall,AU,-35.5833,143.9833
1230,Myamyn,AU,-38,141.7333
1231,Myers Flat,AU,-36.6833,144.2
1232,Myrniong,AU,-37.6167,144.35
1233,Myrtlebank,AU,-38.0645,147.0291
1234,Myrtleford,AU,-36.55,146.7333
1235,Mystic Park,AU,-35.5558,143.7238
1236,Nagambie,AU,-36.7833,145.1667
1237,Nalangil,AU,-38.3,143.45
1238,Nalinga,N/A,N/A,N/A
1239,Nambrok,AU,-38.05,146.8833
1240,Nandaly,N/A,N/A,N/A
1241,Nangana,N/A,N/A,N/A
1242,Nangiloc,N/A,N/A,N/A
1243,Nanneella,AU,-36.3167,144.7833
1244,Napoleons,AU,-37.6667,143.8333
1245,Nar Nar Goon,AU,-38.084,145.5753
1246,Nar Nar Goon North,N/A,N/A,N/A
1247,Narbethong,AU,-37.5475,145.6628
1248,Nariel Valley,N/A,N/A,N/A
1249,Naring,N/A,N/A,N/A
1250,Naringal,AU,-38.4,142.7
1251,Naringal East,N/A,N/A,N/A
1252,Naroghid,AU,-38.2599,143.0575
1253,Narracan,AU,-38.25,146.2333
1254,Narrawong,AU,-38.25,141.7167
1255,Narre Warren,AU,-38.0333,145.3
1256,Narre Warren East,AU,-37.9627,145.3619
1257,Narre Warren North,AU,-37.9833,145.3167
1258,Narre Warren South,AU,-38.0544,145.3029
1259,Nathalia,AU,-36.7167,145.2
1260,Natimuk,AU,-36.75,141.95
1261,Natya,AU,-34.9573,143.2271
1262,Navarre,AU,-36.9,143.1
1263,Nayook,AU,-37.9333,145.95
1264,Neerim,AU,-37.9667,145.95
1265,Neerim East,AU,-37.9833,146
1266,Neerim Junction,N/A,N/A,N/A
1267,Neerim South,AU,-38.0167,145.9667
1268,Neilborough,AU,-36.5667,144.2333
1269,Nelson,AU,-33.6478,150.9213
1270,Nerrina,AU,-37.55,143.8833
1271,New Gisborne,AU,-37.4607,144.5984
1272,Newborough,AU,-38.183,146.2905
1273,Newbridge,AU,-36.7333,143.9167
1274,Newbury,AU,-37.4167,144.3167
1275,Newcomb,N/A,N/A,N/A
1276,Newhaven,AU,-38.5167,145.35
1277,Newington,AU,-37.5641,143.8276
1278,Newlands Arm,N/A,N/A,N/A
1279,Newlyn,AU,-37.4121,143.9865
1280,Newmerella,AU,-37.7333,148.45
1281,Newport,AU,-33.6552,151.3213
1282,Newry,N/A,N/A,N/A
1283,Newstead,AU,-41.4333,147.1667
1284,Newtown,AU,-33.8984,151.1775
1285,Nhill,AU,-36.3333,141.6667
1286,Nichols Point,N/A,N/A,N/A
1287,Nicholson,AU,-37.8167,147.7333
1288,Niddrie,AU,-37.7375,144.8921
1289,Nilma,AU,-38.1833,145.9667
1290,Nintingbool,AU,-37.6167,143.7167
1291,Nirranda South,AU,-38.5294,142.795
1292,Noble Park,AU,-37.9667,145.1667
1293,Noble Park North,AU,-37.9513,145.1908
1294,Noojee,AU,-37.9167,146
1295,Noorat,AU,-38.2,142.95
1296,Noorat East,N/A,N/A,N/A
1297,Noorinbee,AU,-37.5167,149.1667
1298,Noradjuha,N/A,N/A,N/A
1299,Norlane,AU,-38.1014,144.3542
1300,Normanville,AU,-35.4478,138.315
1301,Norong,N/A,N/A,N/A
1302,North Bendigo,AU,-36.7361,144.2772
1303,North Geelong,AU,-38.1154,144.3508
1304,North Melbourne,AU,-37.8029,144.9482
1305,North Shore,AU,-31.4024,152.9019
1306,North Wangaratta,N/A,N/A,N/A
1307,North Warrandyte,AU,-37.7259,145.2155
1308,North Wonthaggi,AU,-38.6,145.6
1309,Northcote,AU,-37.7667,145
1310,Northwood,AU,-36.9667,145.1167
1311,Notting Hill,AU,-37.905,145.1427
1312,Nowa Nowa,AU,-37.7167,148.1
1313,Nug Nug,N/A,N/A,N/A
1314,Nulla Vale,N/A,N/A,N/A
1315,Nullawarre,AU,-38.4667,142.7667
1316,Nullawarre North,N/A,N/A,N/A
1317,Nullawil,AU,-35.85,143.1833
1318,Numurkah,AU,-36.1,145.4333
1319,Nunawading,AU,-37.8204,145.1731
1320,Nungurner,AU,-37.8784,147.8887
1321,Nunniong,N/A,N/A,N/A
1322,Nutfield,AU,-37.6167,145.1833
1323,Nyah,AU,-35.1667,143.3833
1324,Nyah West,AU,-35.1833,143.35
1325,Nyora,AU,-38.3333,145.6667
1326,Nyrraby,N/A,N/A,N/A
1327,Oak Park,AU,-37.7182,144.919
1328,Oaklands Junction,N/A,N/A,N/A
1329,Oakleigh,AU,-37.8981,145.0884
1330,Oakleigh East,AU,-37.899,145.1057
1331,Oakleigh South,AU,-37.9242,145.0915
1332,Ocean Grove,AU,-38.2667,144.5333
1333,Officer,AU,-38.0667,145.4167
1334,Officer South,N/A,N/A,N/A
1335,Olinda,AU,-37.85,145.3667
1336,Ombersley,N/A,N/A,N/A
1337,Omeo,AU,-37.1,147.6
1338,Orbost,AU,-37.7,148.45
1339,Ormond,AU,-37.904,145.0433
1340,Orrvale,AU,-36.4167,145.45
1341,Outtrim,AU,-38.4833,145.7667
1342,Ouyen,AU,-35.0667,142.3167
1343,Ovens,AU,-36.5833,146.7667
1344,Oxley,AU,-27.55,152.9833
1345,Paaratte,N/A,N/A,N/A
1346,Pakenham,AU,-38.0667,145.4833
1347,Pakenham South,AU,-38.1333,145.5167
1348,Pakenham Upper,AU,-38.0167,145.5167
1349,Panmure,AU,-38.3333,142.7333
1350,Panton Hill,AU,-37.65,145.2333
1351,Paradise,AU,-34.8736,138.669
1352,Paradise Beach,AU,-38.1894,147.4241
1353,Paraparap,N/A,N/A,N/A
1354,Park Orchards,AU,-37.7769,145.2146
1355,Parkdale,AU,-37.9942,145.0734
1356,Parkville,AU,-37.7871,144.9516
1357,Parwan,AU,-37.705,144.4699
1358,Pascoe Vale,AU,-37.7251,144.938
1359,Pascoe Vale South,AU,-37.7434,144.9385
1360,Pastoria,AU,-37.2236,144.5252
1361,Patchewollock,AU,-35.3833,142.2
1362,Patho,AU,-36.0333,144.4333
1363,Patterson Lakes,AU,-38.0694,145.1432
1364,Paynesville,AU,-37.9167,147.7167
1365,Pearcedale,AU,-38.2,145.25
1366,Pearsondale,N/A,N/A,N/A
1367,Pelluebla,N/A,N/A,N/A
1368,Penshurst,AU,-33.9667,151.0833
1369,Pental Island,N/A,N/A,N/A
1370,Pentland Hills,AU,-37.6632,144.4085
1371,Percydale,N/A,N/A,N/A
1372,Peronne,AU,-36.7333,141.3833
1373,Peterborough,AU,-32.9667,138.8333
1374,Pheasant Creek,N/A,N/A,N/A
1375,Piangil,AU,-35.05,143.3
1376,Picola,AU,-36,145.1333
1377,Pimpinio,AU,-36.5833,142.1167
1378,Pine Grove,N/A,N/A,N/A
1379,Pine Lodge,AU,-36.3546,145.532
1380,Pioneer Bay,AU,-38.3808,145.5527
1381,Pipers Creek,AU,-37.25,144.5333
1382,Piries,AU,-37.2,146.1333
1383,Pitfield,AU,-37.8,143.6
1384,Pittong,N/A,N/A,N/A
1385,Plenty,AU,-37.6674,145.1124
1386,Plumpton,AU,-33.7567,150.8428
1387,Point Cook,AU,-37.9148,144.7509
1388,Point Leo,AU,-38.419,145.0753
1389,Point Lonsdale,AU,-38.2833,144.6
1390,Point Wilson,N/A,N/A,N/A
1391,Pomborneit,AU,-38.3,143.3
1392,Pomonal,AU,-37.2,142.6
1393,Poowong,AU,-38.35,145.75
1394,Poowong North,AU,-38.3,145.8
1395,Porepunkah,AU,-36.7167,146.9333
1396,Port Albert,AU,-38.6667,146.6833
1397,Port Campbell,AU,-38.6167,142.9833
1398,Port Fairy,AU,-38.3855,142.2367
1399,Port Franklin,AU,-38.6833,146.2667
1400,Port Melbourne,AU,-37.8396,144.9423
1401,Port Welshpool,AU,-38.7,146.4667
1402,Portarlington,N/A,N/A,N/A
1403,Portland,AU,-38.3333,141.6
1404,Portland North,N/A,N/A,N/A
1405,Portland West,N/A,N/A,N/A
1406,Portsea,N/A,N/A,N/A
1407,Pound Creek,AU,-38.6333,145.8
1408,Powelltown,AU,-37.8667,145.75
1409,Prahran,AU,-37.8511,144.9932
1410,Preston,AU,-37.75,145.0167
1411,Princes Hill,AU,-37.7818,144.9666
1412,Puckapunyal,AU,-37,144.9667
1413,Purnim,AU,-38.2833,142.6333
1414,Purnim West,AU,-38.2998,142.5601
1415,Pyalong,AU,-37.1333,144.7667
1416,Pyramid Hill,AU,-36.0667,144.1333
1417,Quambatook,AU,-35.85,143.5333
1418,Quandong,AU,-37.8389,144.5538
1419,Quantong,N/A,N/A,N/A
1420,Quarry Hill,AU,-36.7775,144.2804
1421,Queenscliff,AU,-38.2667,144.65
1422,Raglan,AU,-37.35,143.35
1423,Rainbow,N/A,N/A,N/A
1424,Ravenhall,AU,-37.7755,144.7366
1425,Ravenswood,AU,-20.1,146.8833
1426,Ravenswood South,N/A,N/A,N/A
1427,Rawson,AU,-37.9568,146.3997
1428,Raymond Island,N/A,N/A,N/A
1429,Raywood,AU,-36.5333,144.2167
1430,Red Cliffs,AU,-34.3167,142.1833
1431,Red Hill,AU,-20.3167,148.5
1432,Red Hill South,AU,-38.3833,145.0333
1433,Red Lion,AU,-37.1666,143.7471
1434,Redan,AU,-37.5765,143.8385
1435,Redbank,AU,-27.6,152.8667
1436,Redcastle,N/A,N/A,N/A
1437,Redesdale,AU,-37.0208,144.5315
1438,Reedy Creek,AU,-28.1205,153.4033
1439,Reedy Lake,N/A,N/A,N/A
1440,Reefton,N/A,N/A,N/A
1441,Research,AU,-37.7,145.1833
1442,Reservoir,AU,-37.7124,145.0075
1443,Rheola,AU,-36.6482,143.7013
1444,Rhyll,AU,-38.4667,145.3
1445,Rhymney,N/A,N/A,N/A
1446,Richmond,AU,-33.6,150.7667
1447,Riddells Creek,AU,-37.4588,144.6777
1448,Ringwood,AU,-37.8167,145.2333
1449,Ringwood East,AU,-37.8167,145.25
1450,Ringwood North,AU,-37.8,145.2333
1451,Ripplebrook,N/A,N/A,N/A
1452,Rippleside,AU,-38.1235,144.3564
1453,Ripponlea,AU,-37.8778,144.9953
1454,Riverside,AU,-41.4153,147.1031
1455,Riverslea,AU,-38,146.95
1456,Robertsons Beach,N/A,N/A,N/A
1457,Robinvale,AU,-34.584,142.7739
1458,Rochester,AU,-36.3569,144.701
1459,Rockbank,AU,-37.7335,144.67
1460,Rokewood,AU,-37.9,143.7167
1461,Romsey,AU,-37.35,144.75
1462,Rosanna,AU,-37.7396,145.0696
1463,Rosebrook,AU,-32.6348,151.5149
1464,Rosebud,AU,-38.371,144.9095
1465,Rosebud West,N/A,N/A,N/A
1466,Rosedale,AU,-34.55,138.85
1467,Ross Creek,N/A,N/A,N/A
1468,Rossbridge,AU,-37.4847,142.8494
1469,Rowsley,AU,-37.72,144.3727
1470,Rowville,AU,-37.9333,145.2333
1471,Roxburgh Park,AU,-37.6258,144.9256
1472,Rubicon,AU,-37.2938,145.8194
1473,Ruby,AU,-38.45,145.9167
1474,Runnymede,AU,-42.648,147.5602
1475,Rupanyup,AU,-36.6167,142.6167
1476,Rushworth,AU,-36.5833,145.0167
1477,Rutherglen,AU,-36.05,146.4667
1478,Ryanston,N/A,N/A,N/A
1479,Rye,N/A,N/A,N/A
1480,Rythdale,N/A,N/A,N/A
1481,Safety Beach,AU,-38.3154,145.0003
1482,Sailors Falls,AU,-37.4,144.1333
1483,Sailors Gully,N/A,N/A,N/A
1484,Sale,AU,-38.1,147.0667
1485,Salisbury West,AU,-36.5114,143.9508
1486,San Remo,AU,-33.2139,151.5217
1487,Sandford,AU,-42.9333,147.5
1488,Sandhurst,AU,-38.0819,145.2104
1489,Sandon,AU,-37.1677,144.0383
1490,Sandringham,AU,-37.95,145
1491,Sandy Creek,AU,-36.3,147.1
1492,Sandy Point,AU,-38.8167,146.1
1493,Sarsfield,AU,-37.75,147.7167
1494,Sassafras,AU,-37.8667,145.35
1495,Scarsdale,AU,-37.65,143.6667
1496,Scoresby,AU,-37.9,145.2333
1497,Scotsburn,AU,-37.6667,143.9333
1498,Scotts Creek,AU,-38.4333,143.05
1499,Sea Lake,AU,-35.4833,142.8333
1500,Seabrook,AU,-37.8809,144.7586
1501,Seaford,AU,-35.1833,138.4667
1502,Seaholme,AU,-37.8642,144.8442
1503,Seaspray,AU,-38.3667,147.1833
1504,Seaton,AU,-34.9,138.5167
1505,Sebastian,AU,-36.6,144.2
1506,Sebastopol,AU,-37.5853,143.8395
1507,Seddon,AU,-37.8068,144.8916
1508,Sedgwick,AU,-36.8833,144.3167
1509,Selby,AU,-37.9167,145.3833
1510,Serpentine,AU,-32.35,115.9667
1511,Serviceton,AU,-36.3833,140.9833
1512,Seville,AU,-37.7667,145.4667
1513,Seville East,AU,-37.7743,145.4988
1514,Seymour,AU,-37.0333,145.1333
1515,She Oaks,N/A,N/A,N/A
1516,Sheep Hills,AU,-36.3333,142.55
1517,Shelbourne,AU,-36.8833,144.0167
1518,Shelford,AU,-38.0167,143.9667
1519,Shepparton,AU,-36.3833,145.4
1520,Shepparton East,AU,-36.3885,145.4624
1521,Shepparton North,N/A,N/A,N/A
1522,Sherbrooke,AU,-37.8884,145.3594
1523,Shoreham,AU,-38.4167,145.05
1524,Silvan,AU,-37.8167,145.4167
1525,Silverleaves,AU,-38.453,145.2703
1526,Simpson,AU,-38.4957,143.2077
1527,Simson,N/A,N/A,N/A
1528,Skenes Creek,AU,-38.7235,143.7137
1529,Skipton,AU,-37.6833,143.35
1530,Skye,AU,-34.9249,138.6931
1531,Smeaton,AU,-37.3333,143.95
1532,Smiths Beach,N/A,N/A,N/A
1533,Smythes Creek,AU,-37.6,143.7833
1534,Smythesdale,AU,-37.6333,143.6833
1535,Snake Valley,AU,-37.6167,143.5833
1536,Soldiers Hill,AU,-37.5495,143.8587
1537,Somers,AU,-38.3923,145.1726
1538,Somerton,AU,-37.65,144.9333
1539,Somerville,AU,-38.2167,145.1667
1540,Sorrento,AU,-38.3167,144.7333
1541,South Dudley,AU,-38.5989,145.5742
1542,South Geelong,AU,-38.1668,144.3613
1543,South Kingsville,AU,-37.8307,144.8713
1544,South Melbourne,AU,-37.8333,144.9667
1545,South Morang,AU,-37.65,145.1
1546,South Purrumbete,N/A,N/A,N/A
1547,South Wharf,AU,-37.8253,144.9493
1548,South Yarra,AU,-37.8333,144.9833
1549,Southbank,AU,-37.8228,144.9643
1550,Speed,AU,-35.4,142.4333
1551,Spotswood,AU,-37.8296,144.8879
1552,Spring Gully,AU,-36.794,144.2861
1553,Spring Hill,AU,-27.4614,153.0231
1554,Springbank,N/A,N/A,N/A
1555,Springhurst,AU,-36.2,146.5
1556,Springvale,AU,-37.95,145.15
1557,Springvale South,AU,-37.9667,145.15
1558,St Albans,AU,-37.745,144.8005
1559,St Albans Park,N/A,N/A,N/A
1560,St Andrews,AU,-37.6027,145.2729
1561,St Andrews Beach,N/A,N/A,N/A
1562,St Arnaud,AU,-36.615,143.2554
1563,St Arnaud East,N/A,N/A,N/A
1564,St Germains,N/A,N/A,N/A
1565,St Helena,AU,-37.6895,145.1296
1566,St Helens Plains,N/A,N/A,N/A
1567,St James,AU,-36.269,145.8953
1568,St Kilda,AU,-37.8676,144.981
1569,St Kilda East,AU,-37.8668,145.0022
1570,St Kilda West,AU,-37.8602,144.9722
1571,St Leonards,AU,-33.8234,151.1984
1572,Staceys Bridge,N/A,N/A,N/A
1573,Staffordshire Reef,AU,-37.75,143.7
1574,Staghorn Flat,N/A,N/A,N/A
1575,Stanhope,AU,-36.45,144.9833
1576,Stanley,AU,-40.7667,145.3
1577,Stawell,AU,-37.05,142.7667
1578,Steels Creek,N/A,N/A,N/A
1579,Steiglitz,AU,-37.8833,144.1833
1580,Stewarton,AU,-36.4333,145.8
1581,Stonehaven,AU,-38.1227,144.224
1582,Stony Creek,N/A,N/A,N/A
1583,Stonyford,AU,-38.3254,143.3396
1584,Stradbroke,AU,-38.3,147.0333
1585,Stratford,AU,-16.8761,145.7307
1586,Strathallan,N/A,N/A,N/A
1587,Strathbogie,AU,-36.85,145.75
1588,Strathdale,AU,-36.7632,144.3169
1589,Strathdownie,N/A,N/A,N/A
1590,Strathewen,AU,-37.55,145.2667
1591,Strathfieldsaye,AU,-36.8,144.3667
1592,Strathkellar,N/A,N/A,N/A
1593,Strathmerton,AU,-35.9167,145.4833
1594,Strathmore,AU,-37.7333,144.9182
1595,Strathmore Heights,AU,-37.7134,144.8969
1596,Streatham,AU,-37.6667,143.0667
1597,Strzelecki,AU,-38.3333,145.9
1598,Stuart Mill,AU,-36.7833,143.2
1599,Sugarloaf Creek,N/A,N/A,N/A
1600,Suggan Buggan,AU,-36.9506,148.3336
1601,Sunbury,AU,-37.5833,144.7333
1602,Sunderland Bay,AU,-38.5044,145.2815
1603,Sunset Strip,AU,-38.496,145.2684
1604,Sunshine,AU,-33.1136,151.5625
1605,Sunshine North,AU,-37.7639,144.8362
1606,Sunshine West,AU,-37.7983,144.8111
1607,Surf Beach,AU,-38.5133,145.2997
1608,Surrey Hills,AU,-37.8252,145.1004
1609,Sutherlands Creek,N/A,N/A,N/A
1610,Sutton Grange,AU,-36.9833,144.3667
1611,Swan Hill,AU,-35.3378,143.5544
1612,Swan Reach,AU,-34.5667,139.5833
1613,Swanpool,AU,-36.7667,146.0167
1614,Sydenham,AU,-37.7,144.7667
1615,Tabilk,AU,-36.85,145.1667
1616,Tabor,AU,-37.8333,142.2
1617,Taggerty,AU,-37.3333,145.7167
1618,Talbot,AU,-37.1667,143.7
1619,Talgarno,AU,-36.0833,147.1667
1620,Tallandoon,AU,-36.45,147.2
1621,Tallangatta,AU,-36.2,147.25
1622,Tallarook,AU,-37.1,145.1
1623,Tallygaroopna,AU,-36.25,145.4333
1624,Tambo Upper,AU,-37.7667,147.85
1625,Tamboon,N/A,N/A,N/A
1626,Taminick,AU,-36.4167,146.1667
1627,Tamleugh,N/A,N/A,N/A
1628,Tandarook,N/A,N/A,N/A
1629,Tangambalanga,AU,-36.2333,147.0333
1630,Tanjil Bren,AU,-37.8233,146.1772
1631,Tanjil South,AU,-38.1167,146.25
1632,Tanwood,N/A,N/A,N/A
1633,Tanybryn,AU,-38.65,143.7167
1634,Taradale,AU,-37.15,144.3667
1635,Tarilta,AU,-37.1655,144.1946
1636,Tarnagulla,AU,-36.75,143.8333
1637,Tarneit,AU,-37.8667,144.6667
1638,Tarranyurk,AU,-36.2167,142.05
1639,Tarraville,AU,-38.6333,146.7167
1640,Tarrawarra,N/A,N/A,N/A
1641,Tarrawingee,AU,-31.4667,141.4833
1642,Tarrington,AU,-37.7667,142.1
1643,Tarwin,AU,-38.5833,145.9833
1644,Tarwin Lower,AU,-38.7,145.85
1645,Tatong,AU,-36.7333,146.1
1646,Tatura,AU,-36.45,145.2333
1647,Tatura East,N/A,N/A,N/A
1648,Tawonga,AU,-36.6333,147.1
1649,Tawonga South,N/A,N/A,N/A
1650,Taylors Hill,AU,-37.7152,144.7533
1651,Taylors Lakes,AU,-37.6986,144.7863
1652,Teal Point,AU,-35.6833,144.0833
1653,Tecoma,AU,-37.903,145.3447
1654,Teesdale,AU,-38.0333,144.05
1655,Templestowe,AU,-37.75,145.1167
1656,Templestowe Lower,AU,-37.7667,145.1167
1657,Tempy,AU,-35.3451,142.4257
1658,Tenby Point,AU,-38.411,145.4772
1659,Terang,AU,-38.2333,142.9333
1660,Terrick Terrick East,N/A,N/A,N/A
1661,The Basin,AU,-37.85,145.3167
1662,The Gurdies,AU,-38.3714,145.5639
1663,The Honeysuckles,AU,-38.3541,147.2189
1664,The Patch,AU,-37.9,145.3833
1665,Thomastown,AU,-37.6833,145.0167
1666,Thomson,AU,-38.1699,144.3789
1667,Thoona,AU,-36.3167,146.0667
1668,Thornbury,AU,-37.7583,145.0052
1669,Thornton,AU,-32.7833,151.6333
1670,Thorpdale,AU,-38.2833,146.1833
1671,Thowgla Valley,N/A,N/A,N/A
1672,Timboon,AU,-38.4833,142.9833
1673,Timboon West,N/A,N/A,N/A
1674,Timmering,AU,-36.3667,144.9167
1675,Timor,AU,-36.9838,143.7091
1676,Tinamba,AU,-37.9625,146.8914
1677,Tittybong,AU,-35.7667,143.3667
1678,Tolmie,AU,-36.9333,146.2333
1679,Tongala,AU,-36.25,144.95
1680,Tonimbuk,N/A,N/A,N/A
1681,Tooborac,AU,-37.05,144.8333
1682,Toolamba,AU,-36.5,145.35
1683,Toolangi,AU,-37.5333,145.4667
1684,Toolern Vale,AU,-37.6,144.6
1685,Toolleen,AU,-36.7167,144.7
1686,Toolondo,AU,-36.9833,141.9333
1687,Toongabbie,AU,-33.7833,150.95
1688,Toora,AU,-38.65,146.3333
1689,Toora North,N/A,N/A,N/A
1690,Tooradin,AU,-38.2167,145.3833
1691,Toorak,AU,-37.8408,145.0096
1692,Toorloo Arm,N/A,N/A,N/A
1693,Tootgarook,N/A,N/A,N/A
1694,Torquay,AU,-25.2833,152.8667
1695,Torrumbarry,AU,-36.0333,144.55
1696,Torwood,N/A,N/A,N/A
1697,Tottenham,AU,-32.2333,147.35
1698,Tower Hill,AU,-38.3333,142.35
1699,Trafalgar,AU,-38.2,146.15
1700,Trafalgar East,AU,-38.1833,146.1833
1701,Trafalgar South,AU,-38.2667,146.15
1702,Tragowel,AU,-35.8547,143.9839
1703,Traralgon,AU,-38.1833,146.5333
1704,Traralgon East,N/A,N/A,N/A
1705,Traralgon South,AU,-38.2667,146.55
1706,Travancore,AU,-37.7808,144.9355
1707,Trawool,AU,-37.1,145.2167
1708,Tremont,AU,-37.8789,145.3158
1709,Trentham,AU,-37.3833,144.3167
1710,Trentham East,AU,-37.3833,144.3833
1711,Tresco,AU,-35.5167,143.65
1712,Tresco West,N/A,N/A,N/A
1713,Trida,AU,-38.3167,145.9667
1714,Truganina,AU,-37.8167,144.75
1715,Tubbut,N/A,N/A,N/A
1716,Tuerong,N/A,N/A,N/A
1717,Tullamarine,AU,-37.7013,144.881
1718,Tungamah,AU,-36.1667,145.8667
1719,Turtons Creek,AU,-38.55,146.25
1720,Tutye,N/A,N/A,N/A
1721,Tyabb,AU,-38.25,145.1833
1722,Tyers,AU,-38.15,146.4667
1723,Tylden,AU,-37.3333,144.4167
1724,Tynong,AU,-38.0833,145.6167
1725,Tynong North,AU,-38.0667,145.6167
1726,Tyntynder,AU,-35.2333,143.4667
1727,Tyntynder South,AU,-35.3,143.5333
1728,Tyrendarra,AU,-38.2167,141.7833
1729,Ullswater,AU,-36.9667,141.3833
1730,Ultima,AU,-35.4833,143.25
1731,Undera,AU,-36.2833,145.2167
1732,Underbool,AU,-35.1667,141.8167
1733,Upotipotpon,AU,-36.4833,145.8167
1734,Upper Ferntree Gully,AU,-37.8967,145.3099
1735,Upper Plenty,AU,-37.4333,145.7333
1736,Upwey,AU,-37.9,145.3333
1737,Vaughan,AU,-37.1578,144.2115
1738,Vectis,N/A,N/A,N/A
1739,Ventnor,AU,-38.469,145.1715
1740,Venus Bay,AU,-33.2331,134.6728
1741,Vermont,AU,-37.8362,145.1943
1742,Vermont South,AU,-37.8544,145.1878
1743,Vervale,AU,-38.1333,145.6667
1744,Vesper,AU,-37.9167,146.0833
1745,Viewbank,AU,-37.7399,145.0932
1746,Vinifera,N/A,N/A,N/A
1747,Violet Town,AU,-36.6333,145.7333
1748,W Tree,N/A,N/A,N/A
1749,Waaia,AU,-36.05,145.35
1750,Wahgunyah,AU,-36.0167,146.4
1751,Wail,AU,-36.5083,142.0984
1752,Wairewa,AU,-37.6885,148.1665
1753,Waitchie,N/A,N/A,N/A
1754,Waldara,N/A,N/A,N/A
1755,Walhalla,AU,-37.95,146.45
1756,Walkerville,AU,-34.8914,138.6182
1757,Wallace,AU,-37.55,144.05
1758,Wallacedale,AU,-37.9333,141.8
1759,Wallaloo East,N/A,N/A,N/A
1760,Wallan,AU,-37.4167,144.9833
1761,Wallinduc,AU,-37.8667,143.5167
1762,Wallington,AU,-38.2,144.4833
1763,Walmer,AU,-36.9667,144.15
1764,Walpa,AU,-37.8,147.45
1765,Walpeup,AU,-35.1333,142.0333
1766,Walwa,AU,-35.9667,147.7333
1767,Wandana Heights,AU,-38.1777,144.2997
1768,Wandella,N/A,N/A,N/A
1769,Wandiligong,AU,-36.7833,146.9833
1770,Wandin East,N/A,N/A,N/A
1771,Wandin North,AU,-37.7833,145.4333
1772,Wando Vale,AU,-37.5167,141.45
1773,Wandong,AU,-37.35,145.0333
1774,Wangandary,N/A,N/A,N/A
1775,Wangaratta,AU,-36.3667,146.3333
1776,Wangaratta South,N/A,N/A,N/A
1777,Wangoom,AU,-38.3333,142.5833
1778,Wannon,AU,-37.6667,141.8333
1779,Wantirna,AU,-37.85,145.2167
1780,Wantirna South,AU,-37.8833,145.2167
1781,Waranga Shores,AU,-36.5314,145.0651
1782,Waratah Bay,AU,-38.8096,146.0407
1783,Warburton,AU,-37.75,145.6833
1784,Wareek,AU,-36.9833,143.6167
1785,Wargan,N/A,N/A,N/A
1786,Warncoort,AU,-38.3167,143.7167
1787,Warneet,AU,-38.2214,145.3117
1788,Warracknabeal,AU,-36.25,142.4167
1789,Warragul,AU,-38.1667,145.9333
1790,Warragul South,N/A,N/A,N/A
1791,Warragul West,N/A,N/A,N/A
1792,Warrak,AU,-37.2667,143.15
1793,Warrandyte,AU,-37.75,145.2333
1794,Warrandyte South,AU,-37.7667,145.25
1795,Warranwood,AU,-37.7725,145.2502
1796,Warrayure,N/A,N/A,N/A
1797,Warrenbayne,AU,-36.6833,145.8667
1798,Warrenheip,AU,-37.5667,143.9333
1799,Warrion,N/A,N/A,N/A
1800,Warrnambool,AU,-38.3833,142.4833
1801,Wartook,AU,-37.0255,142.343
1802,Watchem,AU,-36.15,142.85
1803,Watchem West,N/A,N/A,N/A
1804,Waterford Park,AU,-37.3002,145.0669
1805,Waterloo,AU,-33.9003,151.2073
1806,Waterways,AU,-38.0148,145.1305
1807,Watsonia,AU,-37.7098,145.0833
1808,Watsonia North,AU,-37.696,145.085
1809,Watsons Creek,AU,-30.7333,151.05
1810,Wattle Bank,AU,-38.5667,145.7
1811,Wattle Flat,AU,-37.4667,143.95
1812,Wattle Glen,AU,-37.6699,145.1916
1813,Waubra,AU,-37.3667,143.65
1814,Waurn Ponds,AU,-38.2167,144.2833
1815,Wedderburn,AU,-36.4333,143.6333
1816,Weering,AU,-38.1,143.6333
1817,Wellsford,N/A,N/A,N/A
1818,Welshpool,AU,-31.9921,115.9325
1819,Wemen,AU,-34.7813,142.6416
1820,Wendouree,AU,-37.55,143.8333
1821,Werribee,AU,-37.9,144.6667
1822,Werribee South,AU,-37.9475,144.7167
1823,Werrimull,N/A,N/A,N/A
1824,Wesburn,AU,-37.7667,145.6333
1825,West Bendigo,AU,-36.756,144.2489
1826,West Creek,N/A,N/A,N/A
1827,West Footscray,AU,-37.8006,144.8711
1828,West Melbourne,AU,-37.8101,144.95
1829,West Wodonga,AU,-36.1257,146.8486
1830,Westbury,AU,-41.5167,146.85
1831,Westby,AU,-35.4817,147.4178
1832,Westmeadows,AU,-37.6769,144.8939
1833,Whanregarwen,N/A,N/A,N/A
1834,Wharparilla,AU,-36.1333,144.6333
1835,Wheatsheaf,AU,-37.3164,144.2219
1836,Wheelers Hill,AU,-37.9,145.1833
1837,White Hills,AU,-41.5,147.25
1838,Whiteheads Creek,N/A,N/A,N/A
1839,Whitfield,AU,-36.7833,146.4167
1840,Whittington,N/A,N/A,N/A
1841,Whittlesea,AU,-37.5167,145.1167
1842,Whorouly,AU,-36.5167,146.6
1843,Whorouly East,N/A,N/A,N/A
1844,Whorouly South,AU,-36.55,146.5833
1845,Whroo,AU,-36.65,145.0167
1846,Wickliffe,AU,-37.6833,142.7167
1847,Wilby,AU,-36.1667,146.0167
1848,Wildwood,N/A,N/A,N/A
1849,Willaura,AU,-37.5333,142.75
1850,Williams Landing,AU,-37.8614,144.7445
1851,Williamstown,AU,-34.6667,138.8667
1852,Williamstown North,AU,-37.8526,144.8689
1853,Willow Grove,AU,-38.0833,146.2
1854,Willowmavin,N/A,N/A,N/A
1855,Willung,AU,-38.25,146.8167
1856,Wilsons Promontory,N/A,N/A,N/A
1857,Wimbledon Heights,AU,-38.4802,145.2342
1858,Winchelsea,AU,-38.2333,143.9833
1859,Winchelsea South,N/A,N/A,N/A
1860,Windermere,AU,-32.6817,151.4428
1861,Windsor,AU,-37.8548,144.9927
1862,Wingan River,N/A,N/A,N/A
1863,Winnap,AU,-37.95,141.3167
1864,Winnindoo,AU,-38.05,146.7667
1865,Winton,AU,-36.5167,146.0833
1866,Wiseleigh,N/A,N/A,N/A
1867,Wodonga,AU,-36.1167,146.8833
1868,Wollert,AU,-37.5833,145.0333
1869,Wombat Creek,N/A,N/A,N/A
1870,Won Wron,N/A,N/A,N/A
1871,Wonga,AU,-16.3333,145.4167
1872,Wonga Park,AU,-37.7333,145.2667
1873,Wonthaggi,AU,-38.6044,145.5913
1874,Wonwondah,N/A,N/A,N/A
1875,Wood Wood,AU,-35.1066,143.3465
1876,Woodend,AU,-37.35,144.5333
1877,Woodend North,N/A,N/A,N/A
1878,Woodford,AU,-26.95,152.7833
1879,Woodhouse,N/A,N/A,N/A
1880,Woodleigh,AU,-38.4,145.6333
1881,Woods Point,N/A,N/A,N/A
1882,Woodside,AU,-34.95,138.8667
1883,Woodside Beach,N/A,N/A,N/A
1884,Woodstock,AU,-43.0667,147.0667
1885,Woodvale,AU,-31.7864,115.7937
1886,Woolamai,AU,-38.5,145.5
1887,Woolsthorpe,AU,-38.2,142.4333
1888,Wooragee,AU,-36.2833,146.7833
1889,Woorarra East,N/A,N/A,N/A
1890,Woori Yallock,AU,-37.75,145.5167
1891,Woorinen,AU,-35.3,143.4333
1892,Woorinen South,AU,-35.2899,143.4521
1893,Woorndoo,AU,-37.9,142.8167
1894,Wooroonook,N/A,N/A,N/A
1895,Woosang,AU,-36.3333,143.4833
1896,Wuk Wuk,N/A,N/A,N/A
1897,Wunghnu,AU,-36.15,145.45
1898,Wurruk,AU,-38.1167,147.0333
1899,Wy Yung,AU,-37.8075,147.6195
1900,Wycheproof,AU,-36.0667,143.2333
1901,Wycheproof South,N/A,N/A,N/A
1902,Wychitella,AU,-36.2833,143.6167
1903,Wye River,AU,-38.6333,143.8833
1904,Wyndham Vale,AU,-37.8869,144.6241
1905,Wyuna,AU,-36.2,145.05
1906,Yaapeet,N/A,N/A,N/A
1907,Yabba North,AU,-36.2167,145.6833
1908,Yackandandah,AU,-36.3333,146.8667
1909,Yalca,AU,-35.9833,145.3167
1910,Yallambie,AU,-37.7252,145.0935
1911,Yallourn,AU,-38.1667,146.2667
1912,Yallourn North,AU,-38.1607,146.3629
1913,Yambuk,AU,-38.3156,142.0651
1914,Yambuna,AU,-36.15,145.0333
1915,Yan Yean,AU,-37.5691,145.1078
1916,Yanac,AU,-36.1333,141.4333
1917,Yanakie,AU,-38.8124,146.2064
1918,Yangery,AU,-38.3167,142.4167
1919,Yannathan,AU,-38.2333,145.65
1920,Yapeen,AU,-37.1333,144.1833
1921,Yarck,AU,-37.1,145.6167
1922,Yarra Glen,AU,-37.6667,145.3667
1923,Yarra Junction,AU,-37.7833,145.6167
1924,Yarragon,AU,-38.2,146.0667
1925,Yarragon South,N/A,N/A,N/A
1926,Yarram,AU,-38.5667,146.6667
1927,Yarrambat,AU,-37.8049,145.0034
1928,Yarraville,AU,-37.8167,144.9
1929,Yarrawalla,AU,-36.0667,144.0333
1930,Yarrawonga,AU,-36.0167,146
1931,Yarroweyah,AU,-35.9333,145.55
1932,Yea,AU,-37.213,145.4225
1933,Yellingbo,N/A,N/A,N/A
1934,Yelta,N/A,N/A,N/A
1935,Yendon,AU,-37.6333,143.9667
1936,Yering,AU,-37.6887,145.3747
1937,Yielima,AU,-35.9333,145.2167
1938,Yinnar,AU,-38.3167,146.3167
1939,Yinnar South,AU,-38.3833,146.3833
1940,Youarang,AU,-36.1667,145.8
1941,Yuroke,AU,-37.5895,144.879
1942,Yuulong,AU,-32.215,148.5678
1943,Zeerust,N/A,N/A,N/A
