Local Government Area,Country,Lat,Lng
Abbotsford,AU,-33.85,151.1333
Aberfeldie,AU,-37.7596,144.8975
Acheron,AU,-37.25,145.7
Adams Estate,N/A,N/A,N/A
Adelaide Lead,AU,-37.0667,143.6833
Agnes,N/A,N/A,N/A
Aireys Inlet,AU,-38.4667,144.1
Airly,AU,-33.0983,150.0511
Airport West,AU,-37.7223,144.8835
Albacutya,N/A,N/A,N/A
Albanvale,AU,-37.7461,144.7686
Albert Park,AU,-34.8753,138.5227
Alberton,AU,-34.8566,138.5137
Albion,AU,-27.4304,153.0421
Alexandra,AU,-37.1833,145.7
Alfredton,AU,-37.5667,143.8167
Allans Flat,N/A,N/A,N/A
Allansford,AU,-38.4,142.5833
Allendale,AU,-37.3667,143.9333
Alma,N/A,N/A,N/A
Almurta,AU,-38.45,145.5667
Alphington,AU,-37.7804,145.0309
Altona,AU,-37.8696,144.8304
Altona Meadows,AU,-37.8814,144.7845
Altona North,AU,-37.8378,144.8343
Alvie,AU,-38.2333,143.5
Amherst,AU,-37.1458,143.6686
Amphitheatre,AU,-37.1667,143.4167
Anakie,AU,-37.9167,144.25
Anglesea,AU,-38.4167,144.1667
Annuello,AU,-34.8546,142.8318
Apollo Bay,AU,-38.75,143.65
Appin,AU,-34.2,150.7833
Apsley,AU,-36.9667,141.0833
Ararat,AU,-37.2833,142.9333
Arcadia,AU,-33.6227,151.0606
Arcadia South,N/A,N/A,N/A
Archdale Junction,N/A,N/A,N/A
Archies Creek,AU,-38.55,145.5667
Ardeer,AU,-37.7759,144.8015
Ardmona,N/A,N/A,N/A
Argyle,AU,-36.95,144.7333
Armadale,AU,-32.15,116
Armstrong,AU,-37.2167,142.9
Armstrong Creek,AU,-27.2167,152.8333
Arnold,AU,-36.6833,143.8667
Arthurs Creek,AU,-37.5833,145.2
Arthurs Seat,AU,-38.3543,144.9537
Ascot,AU,-36.7,144.3333
Ascot Vale,AU,-37.7833,144.9167
Ashbourne,AU,-35.3,138.7667
Ashburton,AU,-37.8626,145.0794
Ashwood,AU,-37.8666,145.1055
Aspendale,AU,-38.0291,145.1027
Aspendale Gardens,AU,-38.0228,145.118
Athlone,AU,-38.2333,145.7667
Attwood,AU,-37.6696,144.8867
Avalon,AU,-38.0845,144.4259
Avenel,AU,-36.9,145.2333
Avoca,AU,-37.0833,143.4833
Avondale Heights,AU,-37.7615,144.8621
Avonsleigh,AU,-37.9333,145.4667
Axe Creek,N/A,N/A,N/A
Axedale,AU,-36.8,144.5167
Ayrford,N/A,N/A,N/A
Bacchus Marsh,AU,-37.6727,144.4383
Baddaginnie,AU,-36.5833,145.8667
Badger Creek,AU,-37.7,145.5167
Bagshot,AU,-36.65,144.4167
Bailieston,AU,-36.7333,145.05
Bairnsdale,AU,-37.8333,147.6167
Bakery Hill,AU,-37.5635,143.8658
Balaclava,AU,-37.8692,144.9977
Ballan,AU,-37.6,144.25
Ballangeich,AU,-38.2167,142.6667
Ballarat Central,AU,-37.5621,143.8508
Ballarat East,AU,-37.5592,143.8744
Ballarat North,AU,-37.5188,143.7728
Ballendella,AU,-36.3,144.65
Balliang,AU,-37.8333,144.3667
Balliang East,AU,-37.7833,144.45
Balmattum,AU,-36.7,145.65
Balmoral,AU,-37.25,141.85
Balnarring,AU,-38.3667,145.1333
Balnarring Beach,AU,-38.3912,145.1201
Balwyn,AU,-37.8092,145.0834
Balwyn North,AU,-37.7909,145.0939
Bamawm,N/A,N/A,N/A
Bamawm Extension,AU,-36.2167,144.6
Bambra,AU,-38.3667,143.9333
Bandiana,AU,-36.15,146.9333
Bangerang,AU,-36.2,142.5833
Bangholme,AU,-38.0484,145.1721
Bannerton,AU,-34.7,142.7833
Bannockburn,AU,-38.05,144.1667
Baranduda,AU,-36.2,146.9667
Barfold,AU,-37.0833,144.5167
Baringhup,AU,-36.9833,143.9667
Barjarg,N/A,N/A,N/A
Barkers Creek,AU,-37.0167,144.25
Barmah,AU,-36.0167,144.9667
Barnawartha,AU,-36.1,146.6667
Barnawartha North,N/A,N/A,N/A
Barongarook,AU,-38.4167,143.6
Barongarook West,N/A,N/A,N/A
Barrakee,N/A,N/A,N/A
Barramunga,N/A,N/A,N/A
Barraport,AU,-36.0167,143.6833
Barrys Reef,AU,-37.4667,144.3
Barwite,AU,-37,146.1667
Barwon Downs,AU,-38.4667,143.75
Barwon Heads,AU,-38.2667,144.5333
Bass,AU,-38.4842,145.4687
Batesford,AU,-38.1,144.2833
Baw Baw,AU,-37.97,146.144
Baxter,AU,-38.2,145.15
Bayles,AU,-38.1833,145.5667
Bayswater,AU,-37.85,145.2667
Bayswater North,AU,-37.827,145.2837
Beaconsfield,AU,-41.2,146.8167
Beaconsfield Upper,AU,-38,145.4167
Bealiba,AU,-36.8,143.55
Bearii,AU,-35.899,145.3391
Beaufort,AU,-37.4167,143.3833
Beaumaris,AU,-37.9822,145.0389
Beeac,AU,-38.2,143.6333
Beech Forest,AU,-38.6333,143.5667
Beechworth,AU,-36.3667,146.7167
Belgrave,AU,-37.9,145.35
Belgrave Heights,AU,-37.9167,145.35
Belgrave South,AU,-37.9333,145.3333
Bell Park,AU,-38.1077,144.3384
Bell Post Hill,AU,-38.0973,144.3236
Bellarine,AU,-38.1333,144.6167
Bellbrae,AU,-38.3333,144.2667
Bellbridge,AU,-36.0991,147.0621
Bellfield,N/A,N/A,N/A
Belmont,AU,-33.0333,151.6667
Bemm River,N/A,N/A,N/A
Bena,AU,-38.4167,145.7667
Benalla,AU,-36.55,145.9833
Bendigo,AU,-36.7667,144.2833
Benjeroop,N/A,N/A,N/A
Benloch,AU,-37.2167,144.7
Bentleigh,AU,-37.9181,145.0354
Bentleigh East,AU,-37.9201,145.0599
Benwerrin,N/A,N/A,N/A
Beremboke,AU,-37.7833,144.25
Berringa,AU,-37.7667,143.7
Berrys Creek,AU,-38.4167,146.0667
Berwick,AU,-38.0333,145.35
Bet Bet,AU,-36.9239,143.7573
Bete Bolong,N/A,N/A,N/A
Bethanga,AU,-36.1167,147.1
Beulah,AU,-35.9333,142.4333
Beverford,AU,-35.233,143.4806
Beveridge,AU,-37.4833,144.9833
Big Hill,AU,-34.5483,150.0011
Big Pats Creek,AU,-37.7833,145.75
Binginwarri,N/A,N/A,N/A
Birchip,AU,-35.9833,142.9333
Birdwoodton,N/A,N/A,N/A
Birregurra,AU,-38.3333,143.7833
Bittern,AU,-38.3333,145.1667
Black Hill,AU,-37.5501,143.8744
Black Range,AU,-36.7347,149.8475
Black Rock,AU,-37.9736,145.0164
Blackburn,AU,-37.819,145.1533
Blackburn North,AU,-37.8093,145.1518
Blackburn South,AU,-37.8397,145.1555
Blackwood,AU,-35.0167,138.6167
Blairgowrie,N/A,N/A,N/A
Blind Bight,AU,-38.2142,145.3378
Bobinawarrah,AU,-36.5167,146.5
Bochara,AU,-37.7,141.9333
Boho,AU,-36.7167,145.8333
Boisdale,AU,-37.8833,146.9833
Bolinda,AU,-37.4333,144.75
Bolwarra,AU,-32.7167,151.5667
Bona Vista,AU,-30.5267,151.6331
Bonbeach,AU,-38.0653,145.1228
Bonegilla,AU,-36.15,147
Boneo,AU,-38.4167,144.8833
Bonnie Doon,AU,-37.0167,145.8667
Bookaar,N/A,N/A,N/A
Boola,N/A,N/A,N/A
Boolarra,AU,-38.3833,146.2667
Boolarra South,AU,-38.45,146.2833
Boorolite,N/A,N/A,N/A
Boort,AU,-36.1167,143.7167
Boosey,N/A,N/A,N/A
Boralma,N/A,N/A,N/A
Boronia,AU,-37.8667,145.2833
Borung,AU,-36.3,143.75
Botanic Ridge,AU,-38.1414,145.2566
Boundary Bend,N/A,N/A,N/A
Bowenvale,AU,-37,143.7167
Boweya,AU,-36.2667,146.1333
Boweya North,N/A,N/A,N/A
Bowser,AU,-36.3183,146.3663
Box Hill,AU,-37.8189,145.1254
Box Hill North,AU,-37.8027,145.1266
Box Hill South,AU,-37.8324,145.121
Braeside,AU,-37.9995,145.1163
Brandy Creek,AU,-38.1,145.9
Branxholme,AU,-37.8667,141.8
Braybrook,AU,-37.7867,144.8548
Breakaway Creek,N/A,N/A,N/A
Breakwater,N/A,N/A,N/A
Breamlea,N/A,N/A,N/A
Brenanah,AU,-36.5474,143.7364
Briagolong,AU,-37.85,147.0667
Briar Hill,AU,-37.7064,145.1216
Bridgewater,AU,-42.7333,147.2333
Bridgewater On Loddon,N/A,N/A,N/A
Bright,AU,-36.75,146.9667
Brighton,N/A,N/A,N/A
Brighton East,AU,-37.9014,145.0188
Brim,AU,-36.0833,142.4167
Brimin,AU,-36.05,146.2333
Brimpaen,AU,-37.0333,142.2
Broadford,AU,-37.2,145.0667
Broadmeadows,AU,-37.6801,144.9188
Broadwater,AU,-38.1253,142.0497
Brodribb River,N/A,N/A,N/A
Bromley,AU,-36.8809,143.7567
Brookfield,AU,-37.7008,144.5603
Brooklyn,AU,-33.5482,151.2177
Broomfield,AU,-37.3859,143.9112
Brown Hill,AU,-37.5526,143.9012
Browns Plains,AU,-27.65,153.0333
Bruarong,AU,-36.4167,146.85
Brucknell,AU,-38.45,142.9333
Brunswick,AU,-37.7667,144.9667
Brunswick East,AU,-37.7689,144.9777
Brunswick West,AU,-37.7633,144.9426
Bruthen,AU,-37.7167,147.8167
Buangor,AU,-37.3667,143.1667
Buchan,AU,-37.5,148.1833
Buchan South,AU,-37.5667,148.1167
Buckland,AU,-42.6,147.7167
Buckley,AU,-38.2333,144.1
Buffalo,N/A,N/A,N/A
Buffalo River,AU,-36.6333,146.6833
Bulga,AU,-32.6667,151.0167
Bulla,AU,-37.6333,144.8
Bullarook,N/A,N/A,N/A
Bullarto,AU,-37.4,144.2333
Bulleen,AU,-37.7667,145.0833
Bullengarook,AU,-37.5167,144.4833
Bullumwaal,AU,-37.6333,147.5333
Buln Buln,AU,-38.1,145.9333
Bumberrah,N/A,N/A,N/A
Bunbartha,N/A,N/A,N/A
Bundalaguah,AU,-38.0333,147.0167
Bundalong,AU,-36.0333,146.1667
Bundalong South,N/A,N/A,N/A
Bundoora,AU,-37.6982,145.0597
Bungalally,AU,-36.8,142.25
Bungaree,AU,-37.5667,144
Bungeet,AU,-36.3,146.05
Bungil,AU,-36.0667,147.35
Buninyong,AU,-37.6667,143.9167
Bunkers Hill,AU,-31.565,151.1344
Bunyip,AU,-38.1,145.7167
Burkes Flat,N/A,N/A,N/A
Burnewang,N/A,N/A,N/A
Burnley,AU,-37.8296,145.0175
Burnside,AU,-34.9333,138.65
Burnside Heights,AU,-37.7324,144.7556
Burramine,N/A,N/A,N/A
Burrumbeet,AU,-37.4703,143.6548
Burwood,AU,-37.8498,145.119
Burwood East,AU,-37.8536,145.1504
Bushfield,AU,-38.3333,142.5167
Buxton,AU,-34.25,150.5333
Byaduk,AU,-37.9523,141.9552
Byaduk North,N/A,N/A,N/A
Byawatha,N/A,N/A,N/A
Bylands,AU,-37.35,144.9667
Byrneside,AU,-36.4167,145.1833
Cabarita,AU,-33.8475,151.1159
Cabbage Tree Creek,AU,-37.6984,148.7204
Cairnlea,AU,-37.7593,144.7878
Calder Park,AU,-37.6763,144.7611
Caldermeade,AU,-38.25,145.5333
California Gully,AU,-36.7302,144.2634
Callignee,AU,-38.3333,146.5833
Callignee North,N/A,N/A,N/A
Calulu,N/A,N/A,N/A
Camberwell,AU,-37.842,145.0694
Cambrian Hill,AU,-37.6333,143.8333
Campbellfield,AU,-37.6833,144.95
Campbells Bridge,AU,-36.9142,142.7832
Campbells Creek,N/A,N/A,N/A
Campbells Forest,AU,-36.6145,144.1426
Campbelltown,AU,-34.0667,150.8167
Camperdown,AU,-33.8896,151.1764
Canadian,AU,-37.5761,143.8774
Cann River,AU,-37.5667,149.1667
Cannons Creek,AU,-38.2115,145.3113
Canterbury,AU,-37.8247,145.0848
Cape Clear,AU,-37.7833,143.6167
Cape Paterson,N/A,N/A,N/A
Cape Schanck,N/A,N/A,N/A
Cape Woolamai,AU,-38.5313,145.3358
Capels Crossing,N/A,N/A,N/A
Carag Carag,AU,-36.4667,144.9167
Caramut,AU,-37.95,142.5167
Carapooee,AU,-36.7,143.3333
Carapooee West,N/A,N/A,N/A
Carapook,N/A,N/A,N/A
Cardigan,AU,-37.5333,143.75
Cardigan Village,N/A,N/A,N/A
Cardinia,AU,-38.15,145.4167
Cardross,N/A,N/A,N/A
Caringal,N/A,N/A,N/A
Carisbrook,AU,-37.0333,143.8167
Carlisle River,AU,-38.5667,143.3833
Carlsruhe,AU,-37.2833,144.5
Carlton,AU,-33.9708,151.1214
Carlton North,AU,-37.7846,144.9729
Carlyle,N/A,N/A,N/A
Carnegie,AU,-37.8887,145.0571
Carngham,AU,-37.5833,143.5833
Caroline Springs,AU,-37.7412,144.7363
Carpendeit,AU,-38.3833,143.2667
Carrajung,AU,-38.3667,146.6833
Carrajung Lower,AU,-38.4,146.7333
Carranballac,AU,-37.6972,143.1615
Carrum,AU,-38.0833,145.1333
Carrum Downs,AU,-38.1,145.1833
Carwarp,AU,-34.4571,142.1973
Cashmore,AU,-38.3167,141.4833
Castella,AU,-37.5167,145.4333
Casterton,AU,-37.5833,141.4
Castle Donnington,N/A,N/A,N/A
Castlemaine,AU,-37.0667,144.2167
Catani,AU,-38.2,145.6333
Cathkin,N/A,N/A,N/A
Caulfield,AU,-37.8825,145.0229
Caulfield East,AU,-37.8813,145.0421
Caulfield North,AU,-37.8726,145.0226
Caulfield South,AU,-37.8967,145.0273
Cavendish,AU,-37.5167,142.0333
Ceres,AU,-38.1667,144.2667
Chadstone,AU,-37.8877,145.0952
Chapple Vale,N/A,N/A,N/A
Charlemont,N/A,N/A,N/A
Charleroi,N/A,N/A,N/A
Charlton,AU,-36.2667,143.35
Chelsea,AU,-38.05,145.1167
Chelsea Heights,AU,-38.0333,145.1333
Cheltenham,AU,-34.8667,138.5167
Cheshunt,AU,-36.8,146.4333
Chetwynd,AU,-37.2833,141.4167
Chewton,AU,-37.0833,144.2667
Childers,AU,-38.3,146.1167
Chiltern,AU,-36.1667,146.6167
Chirnside Park,AU,-37.7386,145.3143
Chocolyn,AU,-38.1948,143.194
Christmas Hills,AU,-37.65,145.3333
Chum Creek,N/A,N/A,N/A
Churchill,AU,-27.6423,152.7502
Clarendon,AU,-35.1167,138.6333
Clarinda,AU,-37.9431,145.106
Clarkefield,AU,-37.4833,144.75
Clarkes Hill,N/A,N/A,N/A
Clayton,AU,-37.9173,145.1304
Clayton South,AU,-37.9431,145.1252
Clematis,AU,-37.9333,145.4167
Clifton Creek,N/A,N/A,N/A
Clifton Hill,AU,-37.7904,144.9975
Clifton Springs,AU,-38.15,144.5667
Clonbinane,N/A,N/A,N/A
Cloverlea,AU,-38.2333,146
Club Terrace,AU,-37.5333,148.95
Clunes,AU,-37.3,143.7833
Clyde,AU,-38.1333,145.3333
Clyde North,AU,-38.1167,145.3333
Clydesdale,AU,-37.1833,144.1
Cobains,N/A,N/A,N/A
Cobaw,AU,-37.2667,144.6333
Cobden,AU,-38.3333,143.0667
Cobram,AU,-35.9167,145.65
Cobram East,N/A,N/A,N/A
Cobrico,AU,-38.3,143.0333
Coburg,AU,-37.75,144.9667
Coburg North,AU,-37.7244,144.9676
Cochranes Creek,N/A,N/A,N/A
Cockatoo,AU,-37.9333,145.5
Cocoroc,AU,-37.9749,144.6287
Codrington,AU,-38.2667,141.9667
Cohuna,AU,-35.8,144.2
Coimadai,AU,-37.6167,144.4667
Colac,AU,-38.3333,143.5833
Colac Colac,N/A,N/A,N/A
Colac East,N/A,N/A,N/A
Colac West,N/A,N/A,N/A
Coldstream,AU,-37.7167,145.3667
Coleraine,AU,-37.6,141.7
Colignan,AU,-34.55,142.3833
Collingwood,AU,-37.8,144.9833
Concongella,N/A,N/A,N/A
Condah,AU,-37.95,141.75
Congupna,AU,-36.3005,145.4332
Connewarre,AU,-38.2667,144.4
Coolaroo,AU,-37.6568,144.9346
Cooma,AU,-36.2333,149.1333
Coomboona,N/A,N/A,N/A
Coomoora,AU,-37.3312,144.1795
Cora Lynn,AU,-38.15,145.6
Coragulac,N/A,N/A,N/A
Corindhap,AU,-37.8776,143.7387
Corinella,AU,-38.4146,145.4312
Corio,AU,-38.0833,144.3833
Cornella,AU,-36.7,144.75
Cornishtown,N/A,N/A,N/A
Coronet Bay,AU,-38.4377,145.4363
Corop,AU,-36.4667,144.8
Cororooke,AU,-38.2833,143.5167
Corringle,N/A,N/A,N/A
Corryong,AU,-36.2,147.8833
Corunnun,N/A,N/A,N/A
Cosgrove,AU,-36.35,145.6667
Costerfield,N/A,N/A,N/A
Cottles Bridge,AU,-37.6333,145.2167
Cowes,AU,-38.45,145.2333
Cowwarr,AU,-38.0167,146.6833
Craigie,AU,-31.7816,115.7711
Craigieburn,AU,-37.6,144.95
Cranbourne,AU,-38.1,145.2833
Cranbourne East,AU,-38.1081,145.3056
Cranbourne North,AU,-38.0775,145.2989
Cranbourne South,N/A,N/A,N/A
Cranbourne West,AU,-38.1022,145.2517
Creek Junction,N/A,N/A,N/A
Cremorne,AU,-33.8333,151.225
Cressy,AU,-41.6833,147.0667
Creswick,AU,-37.4167,143.9167
Crib Point,AU,-38.35,145.2
Crossley,AU,-38.3,142.3333
Crossover,AU,-38.05,145.9667
Croydon,AU,-33.8833,151.1167
Croydon Hills,AU,-37.776,145.2671
Croydon North,AU,-37.7833,145.3
Croydon South,AU,-37.815,145.2736
Culgoa,AU,-35.7167,143.0833
Cullulleraine,N/A,N/A,N/A
Curdies River,N/A,N/A,N/A
Curlewis,AU,-38.1833,144.4833
Dadswells Bridge,AU,-36.9178,142.5133
Daisy Hill,AU,-27.6436,153.1538
Dales Creek,AU,-37.5219,144.3032
Dallas,AU,-37.6708,144.9354
Dalmore,AU,-38.1833,145.4167
Daltons Bridge,N/A,N/A,N/A
Dalyston,AU,-38.5667,145.55
Dandenong,AU,-37.9875,145.2148
Dandenong North,AU,-37.9558,145.2143
Dandenong South,AU,-38.028,145.2209
Dargo,N/A,N/A,N/A
Darley,AU,-37.6377,144.4263
Darlington,AU,-31.9167,116.0833
Darnum,AU,-38.1833,146.0167
Darraweit Guim,AU,-37.4019,144.894
Dartmoor,AU,-37.9225,141.2767
Dartmouth,N/A,N/A,N/A
Daylesford,AU,-37.35,144.15
Deans Marsh,AU,-38.4,143.8667
Dederang,AU,-36.4833,147.0167
Deep Lead,AU,-37.0167,142.7333
Deepdene,AU,-37.8121,145.0664
Deer Park,AU,-37.7667,144.7833
Delacombe,AU,-37.5891,143.8147
Delahey,AU,-37.7198,144.7773
Delatite,N/A,N/A,N/A
Denison,AU,-38.0333,146.8833
Dennington,AU,-38.3667,142.45
Denver,AU,-37.2667,144.3
Dereel,AU,-37.8167,143.7667
Derrimut,AU,-37.8167,144.7333
Derrinal,AU,-36.8833,144.6333
Derrinallum,AU,-37.95,143.2167
Devenish,AU,-36.3333,145.9
Devils River,N/A,N/A,N/A
Devon Meadows,AU,-38.1667,145.3
Devon North,N/A,N/A,N/A
Dewhurst,N/A,N/A,N/A
Dhurringile,N/A,N/A,N/A
Diamond Creek,AU,-37.6667,145.15
Digby,AU,-37.8,141.5333
Diggers Rest,AU,-37.6333,144.7333
Dimboola,AU,-36.4667,142.05
Dingee,AU,-36.3699,144.2326
Dingley Village,AU,-37.9827,145.1342
Dingwall,AU,-35.8,143.85
Dinner Plain,AU,-37.0236,147.239
Dixons Creek,AU,-37.6,145.4167
Dobie,AU,-37.3167,143.0333
Dockers Plains,N/A,N/A,N/A
Docklands,AU,-37.8175,144.9395
Dollar,AU,-38.5665,146.1758
Don Valley,AU,-37.7609,145.5869
Donald,N/A,N/A,N/A
Doncaster,AU,-37.7883,145.1237
Doncaster East,AU,-37.7789,145.1639
Donnybrook,AU,-33.5833,115.8167
Donvale,AU,-37.7891,145.1749
Dooen,AU,-36.6667,142.2833
Dookie,AU,-36.3333,145.7
Doreen,AU,-37.6,145.15
Dorodong,N/A,N/A,N/A
Doveton,AU,-37.9888,145.2386
Driffield,N/A,N/A,N/A
Dromana,AU,-38.3418,144.9656
Drouin,N/A,N/A,N/A
Drouin East,N/A,N/A,N/A
Drouin South,AU,-38.1667,145.8333
Drouin West,AU,-38.1,145.8667
Drumborg,AU,-38.0833,141.6
Drumcondra,AU,-38.1302,144.354
Drummond,AU,-37.2333,144.3333
Drummond North,N/A,N/A,N/A
Drung,N/A,N/A,N/A
Dry Diggings,N/A,N/A,N/A
Drysdale,AU,-38.1667,144.5667
Duchembegarra,N/A,N/A,N/A
Dumbalk,AU,-38.5333,146.0833
Dumosa,N/A,N/A,N/A
Dunach,AU,-37.2167,143.7167
Dunkeld,AU,-37.65,142.35
Dunluce,AU,-36.9,143.6
Dunneworthy,N/A,N/A,N/A
Dunolly,AU,-36.85,143.7333
Durdidwarrah,N/A,N/A,N/A
Durham Lead,AU,-37.7,143.8833
Durham Ox,AU,-36.1333,143.9167
Dutson,N/A,N/A,N/A
Eagle Point,AU,-37.9,147.6833
Eaglehawk,AU,-36.7333,144.25
Eaglehawk North,N/A,N/A,N/A
Eaglemont,AU,-37.7651,145.0633
East Bairnsdale,N/A,N/A,N/A
East Bendigo,AU,-36.7472,144.3135
East Geelong,AU,-38.1556,144.3802
East Melbourne,AU,-37.8167,144.9879
East Wangaratta,N/A,N/A,N/A
East Warburton,N/A,N/A,N/A
Eastern View,N/A,N/A,N/A
Eastwood,AU,-33.8,151.0833
Ebden,AU,-36.15,147.0333
Echuca,AU,-36.1333,144.75
Echuca Village,N/A,N/A,N/A
Echuca West,N/A,N/A,N/A
Eden Park,AU,-37.4833,145.0833
Edenhope,AU,-37.05,141.3
Edgecombe,AU,-37.1833,144.4333
Edi,AU,-36.6491,146.427
Edithvale,AU,-38.0372,145.1097
Eganstown,AU,-37.3667,144.0833
Eildon,AU,-37.2333,145.9167
Elaine,AU,-37.7833,144.0333
Eldorado,AU,-36.3,146.5167
Elevated Plains,N/A,N/A,N/A
Elingamite,N/A,N/A,N/A
Ellerslie,AU,-38.15,142.7
Elliminyt,AU,-38.35,143.5833
Ellinbank,AU,-38.2333,145.9333
Elmhurst,AU,-37.1667,143.25
Elmore,AU,-36.5,144.6
Elphinstone,AU,-37.1,144.3333
Elsternwick,AU,-37.8844,145.0043
Eltham,AU,-37.7333,145.15
Eltham North,AU,-37.7,145.15
Elwood,AU,-37.8817,144.983
Emerald,AU,-23.5333,148.1667
Emu Creek,AU,-36.8333,144.35
Endeavour Hills,AU,-37.9703,145.2563
Enfield,AU,-34.8526,138.6026
Englefield,N/A,N/A,N/A
Eppalock,AU,-36.8333,144.4167
Epping,AU,-33.7727,151.0818
Epsom,AU,-36.7167,144.3167
Erica,AU,-37.9833,146.3667
Eskdale,AU,-36.4667,147.2333
Essendon,AU,-37.7498,144.9109
Essendon Fields,AU,-37.7269,144.9004
Essendon North,AU,-37.7385,144.9012
Essendon West,N/A,N/A,N/A
Eumemmerring,AU,-37.9985,145.2469
Eureka,AU,-37.5647,143.8826
Euroa,AU,-36.75,145.5667
Eurobin,AU,-36.6333,146.8667
Eversley,AU,-37.2,143.1667
Everton,AU,-36.4167,146.55
Everton Upper,N/A,N/A,N/A
Exford,N/A,N/A,N/A
Eynesbury,AU,-37.7908,144.5562
Fairfield,AU,-27.5064,153.0248
Faraday,AU,-37.05,144.3
Fawkner,AU,-37.7167,144.9667
Ferguson,AU,-33.4405,115.85
Fernbank,AU,-37.8667,147.3167
Fernihurst,AU,-36.25,143.8667
Ferntree Gully,AU,-37.8846,145.2954
Ferny Creek,AU,-37.8833,145.3333
Fingal,AU,-41.6333,147.9667
Fish Creek,AU,-38.6833,146.0833
Fitzroy,AU,-37.7833,144.9833
Fitzroy North,N/A,N/A,N/A
Flaggy Creek,N/A,N/A,N/A
Flemington,AU,-37.7868,144.9194
Flinders,AU,-34.5833,150.8552
Flora Hill,AU,-36.7781,144.2984
Flowerdale,AU,-40.9833,145.6833
Flynn,AU,-38.1667,146.6833
Footscray,AU,-37.8,144.9
Forest Hill,AU,-37.8366,145.1652
Forge Creek,AU,-37.9,147.6333
Forrest,AU,-30.85,128.1
Foster,AU,-38.651,146.2019
Foster North,N/A,N/A,N/A
Fosterville,N/A,N/A,N/A
Framlingham,AU,-38.2333,142.7167
Franklinford,AU,-37.2379,144.1161
Frankston,AU,-38.1333,145.1167
Frankston North,AU,-38.1229,145.161
Frankston South,AU,-38.1765,145.1296
Freeburgh,AU,-36.7833,147.0333
Freshwater Creek,AU,-38.2667,144.2833
Fryerstown,AU,-37.1333,144.25
Fulham,AU,-38.1,146.9833
Fumina South,AU,-37.95,146.1167
Fyans Creek,N/A,N/A,N/A
Fyansford,AU,-38.1333,144.3167
Gaffneys Creek,N/A,N/A,N/A
Gannawarra,AU,-35.7321,143.8532
Gapsted,AU,-36.5074,146.6757
Gardenvale,AU,-37.8981,145.0092
Garfield,AU,-38.0899,145.6762
Garfield North,N/A,N/A,N/A
Garvoc,AU,-38.3,142.8333
Geelong,AU,-38.1471,144.3607
Geelong West,AU,-38.1333,144.35
Gellibrand,AU,-38.5167,143.5333
Gelliondale,N/A,N/A,N/A
Gembrook,AU,-37.95,145.55
Genoa,AU,-37.4833,149.5833
Gerang Gerung,AU,-36.3667,141.9
Gerangamete,AU,-38.45,143.7333
Gherang,N/A,N/A,N/A
Gheringhap,AU,-38.0833,144.2333
Ghin Ghin,N/A,N/A,N/A
Giffard,AU,-38.4167,147.0833
Giffard West,N/A,N/A,N/A
Gil Gil,N/A,N/A,N/A
Gilderoy,AU,-37.8667,145.7167
Gillieston,N/A,N/A,N/A
Gipsy Point,AU,-37.4781,149.6816
Girgarre,AU,-36.3978,144.9813
Girgarre East,N/A,N/A,N/A
Gisborne,AU,-37.4833,144.5833
Gisborne South,N/A,N/A,N/A
Gladfield,N/A,N/A,N/A
Gladstone Park,AU,-37.6898,144.8945
Gladysdale,AU,-37.8,145.65
Glen Alvie,N/A,N/A,N/A
Glen Creek,AU,-36.45,146.95
Glen Forbes,AU,-38.45,145.5333
Glen Huntly,AU,-37.8895,145.0461
Glen Iris,AU,-37.86,145.0549
Glen Park,N/A,N/A,N/A
Glen Waverley,AU,-37.8781,145.1648
Glenaladale,AU,-37.7833,147.35
Glenalbyn,N/A,N/A,N/A
Glenaroua,AU,-37.1,144.9667
Glenburn,AU,-37.4167,145.4167
Glendaruel,AU,-37.35,143.7167
Glengarry,AU,-41.35,146.8833
Glengarry North,N/A,N/A,N/A
Glengarry West,AU,-38.15,146.5167
Glenhope East,N/A,N/A,N/A
Glenlyon,AU,-37.3,144.25
Glenmaggie,AU,-37.9,146.75
Glenorchy,AU,-42.8334,147.2759
Glenormiston North,AU,-38.15,142.9833
Glenormiston South,AU,-38.1725,142.9578
Glenpatrick,AU,-30.4983,150.0011
Glenrowan,AU,-36.4667,146.2333
Glenroy,AU,-37.7,144.9333
Glenthompson,AU,-37.6363,142.5471
Gnotuk,AU,-38.2167,143.1167
Gobur,N/A,N/A,N/A
Golden Beach,AU,-26.8157,153.1198
Golden Gully,AU,-36.7915,144.2665
Golden Point,AU,-37.5749,143.8687
Golden Square,AU,-36.7714,144.2617
Goldsborough,AU,-36.8167,143.6833
Gonn Crossing,N/A,N/A,N/A
Goongerah,AU,-37.3313,148.7008
Gooram,N/A,N/A,N/A
Goorambat,AU,-36.4167,145.9167
Goornong,AU,-36.6167,144.5
Gorae,AU,-38.2333,141.55
Gorae West,AU,-38.25,141.4833
Gordon,AU,-29.3,152.7167
Gormandale,AU,-38.2833,146.7
Goroke,AU,-36.7167,141.4833
Goughs Bay,AU,-37.1861,146.0667
Goulburn Weir,N/A,N/A,N/A
Gowanbrae,AU,-37.7027,144.8976
Grahamvale,AU,-36.3725,145.4444
Grand Ridge,N/A,N/A,N/A
Granite Rock,N/A,N/A,N/A
Grantville,AU,-38.4074,145.5319
Granya,AU,-36.1167,147.3167
Grassdale,N/A,N/A,N/A
Grassmere,AU,-38.2833,142.5333
Graytown,AU,-36.8167,144.95
Gre Gre,N/A,N/A,N/A
Great Western,AU,-37.15,142.85
Green Gully,AU,-32.79,149.6761
Greendale,AU,-37.5667,144.3167
Greenhill,AU,-31.0667,152.8
Greensborough,AU,-37.7046,145.103
Greenvale,AU,-37.6333,144.8667
Greenwald,AU,-37.9667,141.3667
Greta South,AU,-36.6167,146.25
Greta West,AU,-36.5333,146.2167
Grovedale,AU,-38.2,144.35
Gruyere,AU,-37.7333,145.45
Guildford,AU,-31.9,115.9667
Gunbower,AU,-35.95,144.3667
Gundowring,AU,-36.4333,147.05
Guys Forest,N/A,N/A,N/A
Guys Hill,N/A,N/A,N/A
Haddon,AU,-37.6,143.7167
Hadfield,AU,-37.7102,144.9503
Hallam,AU,-38.0167,145.2667
Hallora,AU,-38.2667,145.8333
Halls Gap,AU,-37.1391,142.5193
Hallston,AU,-38.3667,146.0333
Hamilton,AU,-37.7443,142.022
Hamlyn Heights,AU,-38.1211,144.324
Hampton,AU,-37.9372,145.0046
Hampton East,AU,-37.937,145.0286
Hampton Park,AU,-38.0333,145.25
Harcourt,AU,-37,144.25
Harcourt North,N/A,N/A,N/A
Harkaway,AU,-38,145.35
Harrietville,AU,-36.9167,147.0667
Harrow,AU,-37.1655,141.5922
Harston,AU,-36.4667,145.15
Hastings,AU,-38.3,145.1833
Hattah,N/A,N/A,N/A
Havelock,N/A,N/A,N/A
Haven,N/A,N/A,N/A
Hawthorn,AU,-37.8199,145.0358
Hawthorn East,AU,-37.8248,145.0464
Hazelwood,AU,-38.2833,146.35
Hazelwood North,N/A,N/A,N/A
Healesville,AU,-37.65,145.5167
Heathcote,AU,-34.0833,151.0167
Heathcote Junction,AU,-37.35,145.0333
Heathcote South,N/A,N/A,N/A
Heatherton,AU,-37.9561,145.0932
Heathmere,AU,-38.2167,141.6167
Heathmont,AU,-37.8333,145.25
Hedley,AU,-38.6333,146.5
Heidelberg,AU,-37.75,145.0667
Heidelberg Heights,AU,-37.7452,145.0529
Heidelberg West,AU,-37.7382,145.0434
Hepburn,AU,-37.3167,144.1333
Hepburn Springs,AU,-37.3163,144.1379
Herne Hill,AU,-31.8333,116.0167
Hernes Oak,N/A,N/A,N/A
Hesket,AU,-37.35,144.65
Hexham,AU,-32.8317,151.6844
Heyfield,AU,-37.9813,146.7856
Heytesbury Lower,N/A,N/A,N/A
Heywood,AU,-38.1333,141.6333
High Camp,AU,-37.1833,144.9
Highett,AU,-37.9517,145.0394
Highton,AU,-38.1709,144.319
Hill End,AU,-33.0317,149.4178
Hillcrest,AU,-41.0633,145.898
Hilldene,AU,-37.0333,145.0667
Hillside,AU,-37.6905,144.7417
Hoddles Creek,AU,-37.8333,145.5833
Hollands Landing,AU,-38.0539,147.4605
Hopetoun,AU,-35.7333,142.3667
Hopetoun Park,AU,-37.695,144.5016
Hoppers Crossing,AU,-37.8826,144.7003
Horfield,N/A,N/A,N/A
Horsham,AU,-36.7167,142.2
Hotspur,AU,-37.9333,141.5667
Howqua,AU,-37.2333,146.1167
Howqua Inlet,AU,-37.2236,146.1346
Hughesdale,AU,-37.8995,145.0812
Humevale,AU,-37.5,145.1667
Huntingdale,AU,-32.0775,115.962
Huntly,AU,-36.6667,144.3333
Huon,AU,-36.2333,147.0667
Hurstbridge,AU,-37.65,145.2167
Icy Creek,AU,-37.8763,146.0961
Illawarra,AU,-37.0667,142.7
Illowa,AU,-38.3333,142.4167
Indented Head,N/A,N/A,N/A
Indigo Valley,N/A,N/A,N/A
Inglewood,AU,-36.5833,143.8667
Invergordon,AU,-36.1667,145.5833
Inverleigh,AU,-38.1,144.05
Inverloch,AU,-38.6333,145.7167
Invermay,AU,-41.3917,147.1306
Invermay Park,AU,-37.5293,143.8591
Iona,AU,-38.1333,145.6833
Iraak,N/A,N/A,N/A
Ironbark,AU,-36.7559,144.2669
Irrewarra,N/A,N/A,N/A
Irrewillipe,AU,-38.4,143.4167
Irrewillipe East,N/A,N/A,N/A
Irymple,AU,-34.25,142.1667
Ivanhoe,AU,-37.769,145.0431
Ivanhoe East,AU,-37.7734,145.0618
Jacana,AU,-37.6877,144.9112
Jackass Flat,AU,-36.7219,144.2851
Jacob Creek,N/A,N/A,N/A
Jam Jerrup,AU,-38.3235,145.5181
Jamieson,AU,-37.3167,146.1333
Jan Juc,N/A,N/A,N/A
Jancourt,AU,-38.3667,143.1
Jancourt East,N/A,N/A,N/A
Jarrahmond,N/A,N/A,N/A
Jarvis Creek,N/A,N/A,N/A
Jeeralang,AU,-38.4,146.4667
Jeeralang Junction,AU,-38.3333,146.4167
Jeetho,AU,-38.3833,145.7167
Jeffcott North,N/A,N/A,N/A
Jeparit,AU,-36.15,141.9833
Jindivick,AU,-38.0333,145.9
Johnsonville,AU,-37.8167,147.8
Junction Village,AU,-38.1363,145.2969
Jung,AU,-36.6167,142.3667
Junortoun,AU,-36.774,144.3802
Kaarimba,N/A,N/A,N/A
Kalimna,N/A,N/A,N/A
Kalimna West,AU,-37.8603,147.9505
Kalkallo,AU,-37.5333,144.95
Kalkee,N/A,N/A,N/A
Kallista,AU,-37.8833,145.3667
Kalorama,AU,-37.8167,145.3667
Kamarooka,AU,-36.4667,144.3333
Kancoona,AU,-36.5833,146.9833
Kangaroo Flat,AU,-36.8,144.25
Kangaroo Ground,AU,-32.6483,149.2511
Kaniva,AU,-36.3833,141.25
Kanumbra,AU,-37.05,145.6667
Kanyapella,N/A,N/A,N/A
Kardella South,AU,-38.45,145.8833
Katamatite,AU,-36.0833,145.7
Katandra West,AU,-36.2276,145.5592
Katunga,AU,-36.0167,145.4667
Kawarren,AU,-38.4833,143.5833
Kealba,AU,-37.7371,144.8283
Keely,AU,-35.85,144.25
Keilor,AU,-37.7167,144.8333
Keilor Downs,AU,-37.7206,144.8048
Keilor East,AU,-37.7384,144.8561
Keilor Lodge,AU,-37.6984,144.7998
Keilor North,AU,-37.6816,144.793
Keilor Park,AU,-37.7187,144.8502
Kellalac,N/A,N/A,N/A
Kennett River,N/A,N/A,N/A
Kennington,AU,-36.7833,144.3
Kensington,AU,-33.9167,151.2167
Kerang,AU,-35.7333,143.9167
Kerang East,N/A,N/A,N/A
Kergunyah,AU,-36.3833,147.05
Kerrie,N/A,N/A,N/A
Kerrisdale,N/A,N/A,N/A
Kevington,AU,-37.359,146.1613
Kew,AU,-37.8034,145.0333
Kew East,AU,-37.7976,145.0538
Keysborough,AU,-37.9912,145.1738
Kialla,AU,-36.4161,145.3954
Kialla East,AU,-36.45,145.5333
Kialla West,AU,-36.6333,145.3833
Kiata,AU,-36.3629,141.7921
Kiewa,AU,-36.2667,147.0167
Kilcunda,AU,-38.55,145.4833
Killara,AU,-33.7661,151.1601
Killarney,AU,-28.3333,152.3
Killawarra,AU,-36.25,146.25
Kilmany,AU,-38.1,146.9
Kilmore,AU,-37.3,144.95
Kilmore East,AU,-37.3,144.9833
Kilsyth,AU,-37.8,145.3167
Kilsyth South,AU,-37.8315,145.311
Kimbolton,N/A,N/A,N/A
King Valley,N/A,N/A,N/A
Kinglake,AU,-37.5327,145.3411
Kinglake Central,AU,-37.5,145.3
Kinglake West,AU,-37.4667,145.2333
Kingower,AU,-36.6167,143.75
Kings Park,AU,-33.7433,150.9086
Kingsbury,AU,-37.7156,145.0356
Kingston,AU,-42.9667,147.3167
Kingsville,AU,-37.8089,144.8794
Kirkstall,AU,-38.2667,142.3167
Knockwood,N/A,N/A,N/A
Knowsley,AU,-36.8266,144.5866
Knoxfield,AU,-37.8898,145.2496
Koetong,AU,-36.15,147.5
Kongwak,AU,-38.5167,145.7
Koo Wee Rup,AU,-38.1991,145.4929
Koondrook,AU,-35.65,144.1167
Koonoomoo,AU,-35.8881,145.5748
Koonwarra,AU,-38.55,145.95
Kooreh,N/A,N/A,N/A
Koorlong,AU,-34.2833,142.0833
Koornalla,AU,-38.3167,146.5333
Koorooman,N/A,N/A,N/A
Kooyong,AU,-37.8399,145.0352
Koriella,N/A,N/A,N/A
Koroit,AU,-38.3,142.3667
Korong Vale,AU,-36.3559,143.7039
Korumburra,AU,-38.4333,145.8167
Korumburra South,AU,-38.4667,145.85
Korweinguboora,AU,-37.45,144.1333
Kotta,AU,-36.2,144.5333
Kotupna,AU,-36.15,145.15
Koyuga,AU,-36.2167,144.9
Krowera,AU,-38.4333,145.6667
Kurting,N/A,N/A,N/A
Kurunjang,AU,-37.6759,144.5969
Kyabram,AU,-36.3167,145.05
Kyabram South,N/A,N/A,N/A
Kyneton,AU,-37.25,144.4333
Kyvalley,N/A,N/A,N/A
Laanecoorie,AU,-36.8167,143.9
Labertouche,AU,-38.05,145.8
Laceby,AU,-36.4333,146.3
Ladys Pass,N/A,N/A,N/A
Lah,N/A,N/A,N/A
Laharum,N/A,N/A,N/A
Lake Boga,AU,-35.4667,143.65
Lake Bolac,AU,-37.7,142.85
Lake Bunga,N/A,N/A,N/A
Lake Eildon,N/A,N/A,N/A
Lake Gardens,AU,-37.5448,143.8158
Lake Lonsdale,N/A,N/A,N/A
Lake Mundi,N/A,N/A,N/A
Lake Powell,N/A,N/A,N/A
Lake Rowan,AU,-36.2667,145.9667
Lake Tyers,AU,-37.85,148.0667
Lake Tyers Beach,AU,-37.858,148.0831
Lake Wendouree,AU,-37.5502,143.834
Lakes Entrance,AU,-37.8811,147.981
Lal Lal,AU,-37.676,144.0128
Lalbert,AU,-35.6833,143.3667
Lalor,AU,-37.6667,145.0167
Lamplough,AU,-37.1333,143.5167
Lancaster,AU,-36.3132,145.1317
Lancefield,AU,-37.2763,144.734
Landsborough,AU,-37.0167,143.15
Lang Lang,AU,-38.2667,145.5667
Langi Kal Kal,AU,-37.4055,143.4867
Langkoop,AU,-37.1,141.0333
Langley,N/A,N/A,N/A
Langsborough,N/A,N/A,N/A
Langwarrin,AU,-38.1667,145.1667
Langwarrin South,AU,-38.1891,145.1911
Lara,AU,-38.0167,144.4
Lardner,AU,-38.2,145.8667
Larpent,AU,-38.35,143.5
Lascelles,AU,-35.6167,142.5833
Launching Place,AU,-37.7807,145.5692
Lauriston,AU,-37.25,144.3833
Lavers Hill,AU,-38.6667,143.4
Laverton,AU,-37.862,144.7698
Laverton North,AU,-37.8301,144.7869
Lawloit,N/A,N/A,N/A
Learmonth,AU,-22.25,114.0833
Ledcourt,N/A,N/A,N/A
Leigh Creek,AU,-30.4833,138.4167
Leitchville,AU,-35.9,144.2833
Lemnos,AU,-36.35,145.4667
Leneva,AU,-36.2167,146.9
Leongatha,AU,-38.4833,145.95
Leongatha North,N/A,N/A,N/A
Leongatha South,N/A,N/A,N/A
Leopold,AU,-38.1833,144.4667
Lerderderg,N/A,N/A,N/A
Leslie Manor,AU,-38.1333,143.3833
Lethbridge,AU,-37.9672,144.1331
Lexton,AU,-37.2667,143.5167
Licola,AU,-37.6333,146.6167
Licola North,AU,-37.5195,146.5505
Lillimur,AU,-36.3625,141.1276
Lilliput,N/A,N/A,N/A
Lilydale,AU,-37.75,145.35
Lindenow,AU,-37.8,147.4833
Lindenow South,AU,-37.8167,147.4333
Lindsay Point,N/A,N/A,N/A
Linton,AU,-37.6833,143.5667
Lismore,AU,-28.8135,153.2773
Litchfield,AU,-36.3,142.8667
Little River,AU,-37.9667,144.5
Loch,AU,-38.3667,145.7
Loch Sport,AU,-38.0447,147.5867
Loch Valley,AU,-37.8333,146
Lockington,AU,-36.2667,144.5333
Locksley,AU,-36.8333,145.3333
Lockwood,AU,-36.8333,144.15
Lockwood South,AU,-36.8385,144.156
Logan,AU,-36.6167,143.4667
Long Forest,N/A,N/A,N/A
Long Gully,AU,-36.741,144.2584
Longford,AU,-41.6,147.1167
Longlea,AU,-36.7833,144.4333
Longwarry,AU,-38.1,145.7667
Longwarry North,AU,-38.0833,145.7667
Longwood,AU,-35.0449,138.7274
Longwood East,N/A,N/A,N/A
Lorne,AU,-38.55,143.9667
Lovely Banks,AU,-38.0667,144.3333
Lower Plenty,AU,-37.7333,145.1167
Lucas,AU,-37.5522,143.7697
Lucknow,AU,-33.346,149.1621
Lynbrook,AU,-38.0559,145.2561
Lyndhurst,AU,-30.2833,138.35
Lyons,AU,-35.3406,149.0739
Lyonville,AU,-37.3833,144.2667
Lysterfield,AU,-37.9333,145.3
Lysterfield South,AU,-37.9525,145.2669
Macarthur,AU,-35.4086,149.132
Macclesfield,AU,-35.1833,138.8333
Macedon,AU,-37.4167,144.5667
Macleod,AU,-37.7204,145.0698
Macorna,AU,-35.9,144.0167
Macs Cove,N/A,N/A,N/A
Maddingley,AU,-37.6852,144.4324
Mafeking,N/A,N/A,N/A
Maffra,AU,-37.9667,146.9833
Maffra West Upper,AU,-37.9,146.85
Magpie,AU,-37.6167,143.85
Maiden Gully,AU,-36.7427,144.2005
Maidstone,AU,-37.7819,144.8742
Mailors Flat,AU,-38.3,142.4667
Main Ridge,N/A,N/A,N/A
Maindample,AU,-37.0333,145.9333
Major Plains,N/A,N/A,N/A
Majorca,AU,-37.1167,143.8
Maldon,AU,-36.9833,144.0833
Mallacoota,AU,-37.55,149.75
Malmsbury,AU,-37.1833,144.3833
Malvern,AU,-37.8626,145.0281
Malvern East,AU,-37.874,145.0425
Mambourin,N/A,N/A,N/A
Manangatang,AU,-35.05,142.8833
Mandurang,AU,-36.8167,144.3
Mandurang South,AU,-36.85,144.2833
Mangalore,AU,-42.6539,147.2416
Manifold Heights,AU,-38.1374,144.3338
Manns Beach,N/A,N/A,N/A
Mansfield,AU,-37.05,146.0833
Marcus Hill,AU,-38.25,144.5667
Marengo,N/A,N/A,N/A
Maribyrnong,AU,-37.7833,144.8833
Markwood,AU,-36.4574,146.4984
Marlo,AU,-37.7833,148.5333
Marong,AU,-36.7333,144.1333
Maroona,AU,-37.4167,142.8667
Marraweeney,AU,-36.75,145.75
Marshall,N/A,N/A,N/A
Marungi,AU,-36.2,145.5167
Maryborough,AU,-25.5333,152.7
Marysville,AU,-37.5167,145.75
Maryvale,AU,-28.0667,152.2333
Matlock,N/A,N/A,N/A
McCrae,AU,-38.36,144.9339
McKenzie Creek,AU,-36.8,142.1833
McKenzie Hill,N/A,N/A,N/A
McKinnon,AU,-37.9106,145.0386
McLoughlins Beach,N/A,N/A,N/A
McMahons Creek,AU,-37.7167,145.8333
Mead,AU,-35.8094,144.1262
Meadow Heights,AU,-37.6512,144.9186
Meatian,N/A,N/A,N/A
Meeniyan,AU,-38.5833,146.0167
Meerlieu,AU,-38,147.4
Melbourne,AU,-37.814,144.9633
Melbourne Airport,AU,-37.6764,144.8365
Melton,AU,-37.6833,144.5833
Melton South,AU,-37.7077,144.5749
Melton West,AU,-37.6785,144.5688
Mentone,AU,-37.9833,145.0667
Menzies Creek,AU,-37.9167,145.4
Mepunga,N/A,N/A,N/A
Mepunga East,AU,-38.45,142.7333
Merbein,AU,-34.1833,142.0667
Merbein South,AU,-34.2333,142.0333
Merbein West,N/A,N/A,N/A
Meredith,AU,-37.85,144.0833
Meringur,N/A,N/A,N/A
Merino,AU,-37.7167,141.55
Mernda,AU,-37.6,145.1
Merriang,AU,-36.5548,146.6832
Merriang South,N/A,N/A,N/A
Merricks,AU,-38.3833,145.0833
Merricks North,AU,-38.35,145.0833
Merrigum,AU,-36.3667,145.15
Merrijig,AU,-37.1,146.25
Merrimu,AU,-37.6576,144.4535
Merton,AU,-36.9833,145.7167
Metcalfe,AU,-37.1,144.4333
Metung,AU,-37.8833,147.85
Mia Mia,AU,-36.9999,144.5715
Mickleham,AU,-37.5617,144.8773
Middle Creek,AU,-37.4,143.2333
Middle Park,AU,-27.5534,152.9212
Middle Tarwin,AU,-38.6667,145.9333
Miepoll,AU,-36.6167,145.4667
Milawa,AU,-36.4333,146.4333
Mildura,AU,-34.2,142.15
Mill Park,AU,-37.6641,145.0643
Millgrove,AU,-37.7667,145.65
Milnes Bridge,N/A,N/A,N/A
Miners Rest,AU,-37.4833,143.8
Minhamite,AU,-37.9833,142.35
Minimay,AU,-36.7122,141.1806
Minjah,AU,-38.0347,142.4416
Minyip,AU,-36.45,142.5833
Mirboo,AU,-38.4667,146.2
Mirboo North,AU,-38.4,146.15
Mitcham,AU,-34.9833,138.6
Mitchell Park,AU,-35.006,138.5616
Mitiamo,AU,-36.2167,144.2333
Mitre,AU,-36.7333,141.7833
Mittyack,N/A,N/A,N/A
Mockinya,AU,-36.9667,142.15
Modella,AU,-38.1833,145.7167
Modewarre,AU,-38.25,144.1333
Moe,AU,-38.1667,146.2667
Moe South,N/A,N/A,N/A
Molesworth,AU,-37.1667,145.5333
Moliagul,AU,-36.75,143.6667
Mollongghip,AU,-37.4833,144.0333
Monbulk,AU,-37.8833,145.4
Monegeetta,AU,-37.413,144.7474
Monomeith,AU,-38.2167,145.5167
Mont Albert,AU,-37.8175,145.1076
Mont Albert North,AU,-37.8004,145.1083
Montgomery,AU,-38.0333,147.0667
Montmorency,AU,-37.7167,145.1167
Montrose,AU,-37.8167,145.35
Moolap,AU,-38.1833,144.4333
Moolerr,N/A,N/A,N/A
Moolort,N/A,N/A,N/A
Moonambel,AU,-36.9833,143.3167
Moondarra,N/A,N/A,N/A
Moonee Ponds,AU,-37.7667,144.9167
Moorabbin,AU,-37.9367,145.0342
Moorabbin Airport,AU,-37.9775,145.0995
Moorabool,AU,-38.0833,144.3
Moorooduc,AU,-38.2167,145.1167
Mooroolbark,AU,-37.7813,145.3257
Mooroopna,AU,-36.4,145.35
Mooroopna North,AU,-36.3333,145.3
Moranding,N/A,N/A,N/A
Mordialloc,AU,-38,145.0833
Moriac,AU,-38.2333,144.1667
Mornington,AU,-38.2167,145.0333
Mortlake,AU,-38.0833,142.8167
Morwell,AU,-38.2333,146.4
Mossiface,AU,-37.7333,147.8167
Mount Alfred,N/A,N/A,N/A
Mount Beauty,AU,-36.75,147.1667
Mount Bruno,N/A,N/A,N/A
Mount Buller,N/A,N/A,N/A
Mount Burnett,AU,-37.9833,145.5
Mount Camel,AU,-36.7544,144.7631
Mount Clear,AU,-37.6,143.8833
Mount Cottrell,AU,-37.8167,144.5833
Mount Dandenong,AU,-37.8333,145.3667
Mount Doran,N/A,N/A,N/A
Mount Duneed,AU,-38.25,144.3333
Mount Egerton,AU,-37.6333,144.1
Mount Eliza,AU,-38.1833,145.0833
Mount Emu,N/A,N/A,N/A
Mount Evelyn,AU,-37.7833,145.3833
Mount Glasgow,N/A,N/A,N/A
Mount Helen,AU,-37.6205,143.89
Mount Macedon,AU,-37.3833,144.6
Mount Martha,AU,-38.2755,145.0308
Mount Mercer,AU,-37.8167,143.85
Mount Moriac,AU,-38.2167,144.1833
Mount Pleasant,AU,-34.7755,139.0479
Mount Richmond,AU,-38.1974,141.3571
Mount Rowan,N/A,N/A,N/A
Mount Taylor,AU,-37.7398,147.5972
Mount Wallace,AU,-37.75,144.2167
Mount Waverley,AU,-37.8771,145.1294
Moutajup,AU,-37.6667,142.2333
Moyhu,AU,-36.6,146.4
Moyreisk,N/A,N/A,N/A
Moyston,AU,-37.3,142.7667
Muckatah,AU,-36.015,145.6487
Muckleford,AU,-37.0167,144.15
Mudgegonga,N/A,N/A,N/A
Mulgrave,AU,-37.9167,145.2
Mumbannar,N/A,N/A,N/A
Munro,AU,-37.9167,147.1833
Murchison,AU,-36.6174,145.2166
Murchison East,AU,-36.6151,145.2404
Murchison North,N/A,N/A,N/A
Murphys Creek,AU,-27.4667,152.05
Murrabit,AU,-35.5286,143.9559
Murrabit West,N/A,N/A,N/A
Murrawee,N/A,N/A,N/A
Murraydale,N/A,N/A,N/A
Murrayville,AU,-35.2667,141.1833
Murrindal,N/A,N/A,N/A
Murrindindi,AU,-37.3667,145.5333
Murrumbeena,AU,-37.8902,145.0711
Murtoa,AU,-36.6,142.4833
Musk,N/A,N/A,N/A
Musk Vale,AU,-37.3833,144.1333
Myall,AU,-35.5833,143.9833
Myamyn,AU,-38,141.7333
Myers Flat,AU,-36.6833,144.2
Myrniong,AU,-37.6167,144.35
Myrtlebank,AU,-38.0645,147.0291
Myrtleford,AU,-36.55,146.7333
Mystic Park,AU,-35.5558,143.7238
Nagambie,AU,-36.7833,145.1667
Nalangil,AU,-38.3,143.45
Nalinga,N/A,N/A,N/A
Nambrok,AU,-38.05,146.8833
Nandaly,N/A,N/A,N/A
Nangana,N/A,N/A,N/A
Nangiloc,N/A,N/A,N/A
Nanneella,AU,-36.3167,144.7833
Napoleons,AU,-37.6667,143.8333
Nar Nar Goon,AU,-38.084,145.5753
Nar Nar Goon North,N/A,N/A,N/A
Narbethong,AU,-37.5475,145.6628
Nariel Valley,N/A,N/A,N/A
Naring,N/A,N/A,N/A
Naringal,AU,-38.4,142.7
Naringal East,N/A,N/A,N/A
Naroghid,AU,-38.2599,143.0575
Narracan,AU,-38.25,146.2333
Narrawong,AU,-38.25,141.7167
Narre Warren,AU,-38.0333,145.3
Narre Warren East,AU,-37.9627,145.3619
Narre Warren North,AU,-37.9833,145.3167
Narre Warren South,AU,-38.0544,145.3029
Nathalia,AU,-36.7167,145.2
Natimuk,AU,-36.75,141.95
Natya,AU,-34.9573,143.2271
Navarre,AU,-36.9,143.1
Nayook,AU,-37.9333,145.95
Neerim,AU,-37.9667,145.95
Neerim East,AU,-37.9833,146
Neerim Junction,N/A,N/A,N/A
Neerim South,AU,-38.0167,145.9667
Neilborough,AU,-36.5667,144.2333
Nelson,AU,-33.6478,150.9213
Nerrina,AU,-37.55,143.8833
New Gisborne,AU,-37.4607,144.5984
Newborough,AU,-38.183,146.2905
Newbridge,AU,-36.7333,143.9167
Newbury,AU,-37.4167,144.3167
Newcomb,N/A,N/A,N/A
Newhaven,AU,-38.5167,145.35
Newington,AU,-37.5641,143.8276
Newlands Arm,N/A,N/A,N/A
Newlyn,AU,-37.4121,143.9865
Newmerella,AU,-37.7333,148.45
Newport,AU,-33.6552,151.3213
Newry,N/A,N/A,N/A
Newstead,AU,-41.4333,147.1667
Newtown,AU,-33.8984,151.1775
Nhill,AU,-36.3333,141.6667
Nichols Point,N/A,N/A,N/A
Nicholson,AU,-37.8167,147.7333
Niddrie,AU,-37.7375,144.8921
Nilma,AU,-38.1833,145.9667
Nintingbool,AU,-37.6167,143.7167
Nirranda South,AU,-38.5294,142.795
Noble Park,AU,-37.9667,145.1667
Noble Park North,AU,-37.9513,145.1908
Noojee,AU,-37.9167,146
Noorat,AU,-38.2,142.95
Noorat East,N/A,N/A,N/A
Noorinbee,AU,-37.5167,149.1667
Noradjuha,N/A,N/A,N/A
Norlane,AU,-38.1014,144.3542
Normanville,AU,-35.4478,138.315
Norong,N/A,N/A,N/A
North Bendigo,AU,-36.7361,144.2772
North Geelong,AU,-38.1154,144.3508
North Melbourne,AU,-37.8029,144.9482
North Shore,AU,-31.4024,152.9019
North Wangaratta,N/A,N/A,N/A
North Warrandyte,AU,-37.7259,145.2155
North Wonthaggi,AU,-38.6,145.6
Northcote,AU,-37.7667,145
Northwood,AU,-36.9667,145.1167
Notting Hill,AU,-37.905,145.1427
Nowa Nowa,AU,-37.7167,148.1
Nug Nug,N/A,N/A,N/A
Nulla Vale,N/A,N/A,N/A
Nullawarre,AU,-38.4667,142.7667
Nullawarre North,N/A,N/A,N/A
Nullawil,AU,-35.85,143.1833
Numurkah,AU,-36.1,145.4333
Nunawading,AU,-37.8204,145.1731
Nungurner,AU,-37.8784,147.8887
Nunniong,N/A,N/A,N/A
Nutfield,AU,-37.6167,145.1833
Nyah,AU,-35.1667,143.3833
Nyah West,AU,-35.1833,143.35
Nyora,AU,-38.3333,145.6667
Nyrraby,N/A,N/A,N/A
Oak Park,AU,-37.7182,144.919
Oaklands Junction,N/A,N/A,N/A
Oakleigh,AU,-37.8981,145.0884
Oakleigh East,AU,-37.899,145.1057
Oakleigh South,AU,-37.9242,145.0915
Ocean Grove,AU,-38.2667,144.5333
Officer,AU,-38.0667,145.4167
Officer South,N/A,N/A,N/A
Olinda,AU,-37.85,145.3667
Ombersley,N/A,N/A,N/A
Omeo,AU,-37.1,147.6
Orbost,AU,-37.7,148.45
Ormond,AU,-37.904,145.0433
Orrvale,AU,-36.4167,145.45
Outtrim,AU,-38.4833,145.7667
Ouyen,AU,-35.0667,142.3167
Ovens,AU,-36.5833,146.7667
Oxley,AU,-27.55,152.9833
Paaratte,N/A,N/A,N/A
Pakenham,AU,-38.0667,145.4833
Pakenham South,AU,-38.1333,145.5167
Pakenham Upper,AU,-38.0167,145.5167
Panmure,AU,-38.3333,142.7333
Panton Hill,AU,-37.65,145.2333
Paradise,AU,-34.8736,138.669
Paradise Beach,AU,-38.1894,147.4241
Paraparap,N/A,N/A,N/A
Park Orchards,AU,-37.7769,145.2146
Parkdale,AU,-37.9942,145.0734
Parkville,AU,-37.7871,144.9516
Parwan,AU,-37.705,144.4699
Pascoe Vale,AU,-37.7251,144.938
Pascoe Vale South,AU,-37.7434,144.9385
Pastoria,AU,-37.2236,144.5252
Patchewollock,AU,-35.3833,142.2
Patho,AU,-36.0333,144.4333
Patterson Lakes,AU,-38.0694,145.1432
Paynesville,AU,-37.9167,147.7167
Pearcedale,AU,-38.2,145.25
Pearsondale,N/A,N/A,N/A
Pelluebla,N/A,N/A,N/A
Penshurst,AU,-33.9667,151.0833
Pental Island,N/A,N/A,N/A
Pentland Hills,AU,-37.6632,144.4085
Percydale,N/A,N/A,N/A
Peronne,AU,-36.7333,141.3833
Peterborough,AU,-32.9667,138.8333
Pheasant Creek,N/A,N/A,N/A
Piangil,AU,-35.05,143.3
Picola,AU,-36,145.1333
Pimpinio,AU,-36.5833,142.1167
Pine Grove,N/A,N/A,N/A
Pine Lodge,AU,-36.3546,145.532
Pioneer Bay,AU,-38.3808,145.5527
Pipers Creek,AU,-37.25,144.5333
Piries,AU,-37.2,146.1333
Pitfield,AU,-37.8,143.6
Pittong,N/A,N/A,N/A
Plenty,AU,-37.6674,145.1124
Plumpton,AU,-33.7567,150.8428
Point Cook,AU,-37.9148,144.7509
Point Leo,AU,-38.419,145.0753
Point Lonsdale,AU,-38.2833,144.6
Point Wilson,N/A,N/A,N/A
Pomborneit,AU,-38.3,143.3
Pomonal,AU,-37.2,142.6
Poowong,AU,-38.35,145.75
Poowong North,AU,-38.3,145.8
Porepunkah,AU,-36.7167,146.9333
Port Albert,AU,-38.6667,146.6833
Port Campbell,AU,-38.6167,142.9833
Port Fairy,AU,-38.3855,142.2367
Port Franklin,AU,-38.6833,146.2667
Port Melbourne,AU,-37.8396,144.9423
Port Welshpool,AU,-38.7,146.4667
Portarlington,N/A,N/A,N/A
Portland,AU,-38.3333,141.6
Portland North,N/A,N/A,N/A
Portland West,N/A,N/A,N/A
Portsea,N/A,N/A,N/A
Pound Creek,AU,-38.6333,145.8
Powelltown,AU,-37.8667,145.75
Prahran,AU,-37.8511,144.9932
Preston,AU,-37.75,145.0167
Princes Hill,AU,-37.7818,144.9666
Puckapunyal,AU,-37,144.9667
Purnim,AU,-38.2833,142.6333
Purnim West,AU,-38.2998,142.5601
Pyalong,AU,-37.1333,144.7667
Pyramid Hill,AU,-36.0667,144.1333
Quambatook,AU,-35.85,143.5333
Quandong,AU,-37.8389,144.5538
Quantong,N/A,N/A,N/A
Quarry Hill,AU,-36.7775,144.2804
Queenscliff,AU,-38.2667,144.65
Raglan,AU,-37.35,143.35
Rainbow,N/A,N/A,N/A
Ravenhall,AU,-37.7755,144.7366
Ravenswood,AU,-20.1,146.8833
Ravenswood South,N/A,N/A,N/A
Rawson,AU,-37.9568,146.3997
Raymond Island,N/A,N/A,N/A
Raywood,AU,-36.5333,144.2167
Red Cliffs,AU,-34.3167,142.1833
Red Hill,AU,-20.3167,148.5
Red Hill South,AU,-38.3833,145.0333
Red Lion,AU,-37.1666,143.7471
Redan,AU,-37.5765,143.8385
Redbank,AU,-27.6,152.8667
Redcastle,N/A,N/A,N/A
Redesdale,AU,-37.0208,144.5315
Reedy Creek,AU,-28.1205,153.4033
Reedy Lake,N/A,N/A,N/A
Reefton,N/A,N/A,N/A
Research,AU,-37.7,145.1833
Reservoir,AU,-37.7124,145.0075
Rheola,AU,-36.6482,143.7013
Rhyll,AU,-38.4667,145.3
Rhymney,N/A,N/A,N/A
Richmond,AU,-33.6,150.7667
Riddells Creek,AU,-37.4588,144.6777
Ringwood,AU,-37.8167,145.2333
Ringwood East,AU,-37.8167,145.25
Ringwood North,AU,-37.8,145.2333
Ripplebrook,N/A,N/A,N/A
Rippleside,AU,-38.1235,144.3564
Ripponlea,AU,-37.8778,144.9953
Riverside,AU,-41.4153,147.1031
Riverslea,AU,-38,146.95
Robertsons Beach,N/A,N/A,N/A
Robinvale,AU,-34.584,142.7739
Rochester,AU,-36.3569,144.701
Rockbank,AU,-37.7335,144.67
Rokewood,AU,-37.9,143.7167
Romsey,AU,-37.35,144.75
Rosanna,AU,-37.7396,145.0696
Rosebrook,AU,-32.6348,151.5149
Rosebud,AU,-38.371,144.9095
Rosebud West,N/A,N/A,N/A
Rosedale,AU,-34.55,138.85
Ross Creek,N/A,N/A,N/A
Rossbridge,AU,-37.4847,142.8494
Rowsley,AU,-37.72,144.3727
Rowville,AU,-37.9333,145.2333
Roxburgh Park,AU,-37.6258,144.9256
Rubicon,AU,-37.2938,145.8194
Ruby,AU,-38.45,145.9167
Runnymede,AU,-42.648,147.5602
Rupanyup,AU,-36.6167,142.6167
Rushworth,AU,-36.5833,145.0167
Rutherglen,AU,-36.05,146.4667
Ryanston,N/A,N/A,N/A
Rye,N/A,N/A,N/A
Rythdale,N/A,N/A,N/A
Safety Beach,AU,-38.3154,145.0003
Sailors Falls,AU,-37.4,144.1333
Sailors Gully,N/A,N/A,N/A
Sale,AU,-38.1,147.0667
Salisbury West,AU,-36.5114,143.9508
San Remo,AU,-33.2139,151.5217
Sandford,AU,-42.9333,147.5
Sandhurst,AU,-38.0819,145.2104
Sandon,AU,-37.1677,144.0383
Sandringham,AU,-37.95,145
Sandy Creek,AU,-36.3,147.1
Sandy Point,AU,-38.8167,146.1
Sarsfield,AU,-37.75,147.7167
Sassafras,AU,-37.8667,145.35
Scarsdale,AU,-37.65,143.6667
Scoresby,AU,-37.9,145.2333
Scotsburn,AU,-37.6667,143.9333
Scotts Creek,AU,-38.4333,143.05
Sea Lake,AU,-35.4833,142.8333
Seabrook,AU,-37.8809,144.7586
Seaford,AU,-35.1833,138.4667
Seaholme,AU,-37.8642,144.8442
Seaspray,AU,-38.3667,147.1833
Seaton,AU,-34.9,138.5167
Sebastian,AU,-36.6,144.2
Sebastopol,AU,-37.5853,143.8395
Seddon,AU,-37.8068,144.8916
Sedgwick,AU,-36.8833,144.3167
Selby,AU,-37.9167,145.3833
Serpentine,AU,-32.35,115.9667
Serviceton,AU,-36.3833,140.9833
Seville,AU,-37.7667,145.4667
Seville East,AU,-37.7743,145.4988
Seymour,AU,-37.0333,145.1333
She Oaks,N/A,N/A,N/A
Sheep Hills,AU,-36.3333,142.55
Shelbourne,AU,-36.8833,144.0167
Shelford,AU,-38.0167,143.9667
Shepparton,AU,-36.3833,145.4
Shepparton East,AU,-36.3885,145.4624
Shepparton North,N/A,N/A,N/A
Sherbrooke,AU,-37.8884,145.3594
Shoreham,AU,-38.4167,145.05
Silvan,AU,-37.8167,145.4167
Silverleaves,AU,-38.453,145.2703
Simpson,AU,-38.4957,143.2077
Simson,N/A,N/A,N/A
Skenes Creek,AU,-38.7235,143.7137
Skipton,AU,-37.6833,143.35
Skye,AU,-34.9249,138.6931
Smeaton,AU,-37.3333,143.95
Smiths Beach,N/A,N/A,N/A
Smythes Creek,AU,-37.6,143.7833
Smythesdale,AU,-37.6333,143.6833
Snake Valley,AU,-37.6167,143.5833
Soldiers Hill,AU,-37.5495,143.8587
Somers,AU,-38.3923,145.1726
Somerton,AU,-37.65,144.9333
Somerville,AU,-38.2167,145.1667
Sorrento,AU,-38.3167,144.7333
South Dudley,AU,-38.5989,145.5742
South Geelong,AU,-38.1668,144.3613
South Kingsville,AU,-37.8307,144.8713
South Melbourne,AU,-37.8333,144.9667
South Morang,AU,-37.65,145.1
South Purrumbete,N/A,N/A,N/A
South Wharf,AU,-37.8253,144.9493
South Yarra,AU,-37.8333,144.9833
Southbank,AU,-37.8228,144.9643
Speed,AU,-35.4,142.4333
Spotswood,AU,-37.8296,144.8879
Spring Gully,AU,-36.794,144.2861
Spring Hill,AU,-27.4614,153.0231
Springbank,N/A,N/A,N/A
Springhurst,AU,-36.2,146.5
Springvale,AU,-37.95,145.15
Springvale South,AU,-37.9667,145.15
St Albans,AU,-37.745,144.8005
St Albans Park,N/A,N/A,N/A
St Andrews,AU,-37.6027,145.2729
St Andrews Beach,N/A,N/A,N/A
St Arnaud,AU,-36.615,143.2554
St Arnaud East,N/A,N/A,N/A
St Germains,N/A,N/A,N/A
St Helena,AU,-37.6895,145.1296
St Helens Plains,N/A,N/A,N/A
St James,AU,-36.269,145.8953
St Kilda,AU,-37.8676,144.981
St Kilda East,AU,-37.8668,145.0022
St Kilda West,AU,-37.8602,144.9722
St Leonards,AU,-33.8234,151.1984
Staceys Bridge,N/A,N/A,N/A
Staffordshire Reef,AU,-37.75,143.7
Staghorn Flat,N/A,N/A,N/A
Stanhope,AU,-36.45,144.9833
Stanley,AU,-40.7667,145.3
Stawell,AU,-37.05,142.7667
Steels Creek,N/A,N/A,N/A
Steiglitz,AU,-37.8833,144.1833
Stewarton,AU,-36.4333,145.8
Stonehaven,AU,-38.1227,144.224
Stony Creek,N/A,N/A,N/A
Stonyford,AU,-38.3254,143.3396
Stradbroke,AU,-38.3,147.0333
Stratford,AU,-16.8761,145.7307
Strathallan,N/A,N/A,N/A
Strathbogie,AU,-36.85,145.75
Strathdale,AU,-36.7632,144.3169
Strathdownie,N/A,N/A,N/A
Strathewen,AU,-37.55,145.2667
Strathfieldsaye,AU,-36.8,144.3667
Strathkellar,N/A,N/A,N/A
Strathmerton,AU,-35.9167,145.4833
Strathmore,AU,-37.7333,144.9182
Strathmore Heights,AU,-37.7134,144.8969
Streatham,AU,-37.6667,143.0667
Strzelecki,AU,-38.3333,145.9
Stuart Mill,AU,-36.7833,143.2
Sugarloaf Creek,N/A,N/A,N/A
Suggan Buggan,AU,-36.9506,148.3336
Sunbury,AU,-37.5833,144.7333
Sunderland Bay,AU,-38.5044,145.2815
Sunset Strip,AU,-38.496,145.2684
Sunshine,AU,-33.1136,151.5625
Sunshine North,AU,-37.7639,144.8362
Sunshine West,AU,-37.7983,144.8111
Surf Beach,AU,-38.5133,145.2997
Surrey Hills,AU,-37.8252,145.1004
Sutherlands Creek,N/A,N/A,N/A
Sutton Grange,AU,-36.9833,144.3667
Swan Hill,AU,-35.3378,143.5544
Swan Reach,AU,-34.5667,139.5833
Swanpool,AU,-36.7667,146.0167
Sydenham,AU,-37.7,144.7667
Tabilk,AU,-36.85,145.1667
Tabor,AU,-37.8333,142.2
Taggerty,AU,-37.3333,145.7167
Talbot,AU,-37.1667,143.7
Talgarno,AU,-36.0833,147.1667
Tallandoon,AU,-36.45,147.2
Tallangatta,AU,-36.2,147.25
Tallarook,AU,-37.1,145.1
Tallygaroopna,AU,-36.25,145.4333
Tambo Upper,AU,-37.7667,147.85
Tamboon,N/A,N/A,N/A
Taminick,AU,-36.4167,146.1667
Tamleugh,N/A,N/A,N/A
Tandarook,N/A,N/A,N/A
Tangambalanga,AU,-36.2333,147.0333
Tanjil Bren,AU,-37.8233,146.1772
Tanjil South,AU,-38.1167,146.25
Tanwood,N/A,N/A,N/A
Tanybryn,AU,-38.65,143.7167
Taradale,AU,-37.15,144.3667
Tarilta,AU,-37.1655,144.1946
Tarnagulla,AU,-36.75,143.8333
Tarneit,AU,-37.8667,144.6667
Tarranyurk,AU,-36.2167,142.05
Tarraville,AU,-38.6333,146.7167
Tarrawarra,N/A,N/A,N/A
Tarrawingee,AU,-31.4667,141.4833
Tarrington,AU,-37.7667,142.1
Tarwin,AU,-38.5833,145.9833
Tarwin Lower,AU,-38.7,145.85
Tatong,AU,-36.7333,146.1
Tatura,AU,-36.45,145.2333
Tatura East,N/A,N/A,N/A
Tawonga,AU,-36.6333,147.1
Tawonga South,N/A,N/A,N/A
Taylors Hill,AU,-37.7152,144.7533
Taylors Lakes,AU,-37.6986,144.7863
Teal Point,AU,-35.6833,144.0833
Tecoma,AU,-37.903,145.3447
Teesdale,AU,-38.0333,144.05
Templestowe,AU,-37.75,145.1167
Templestowe Lower,AU,-37.7667,145.1167
Tempy,AU,-35.3451,142.4257
Tenby Point,AU,-38.411,145.4772
Terang,AU,-38.2333,142.9333
Terrick Terrick East,N/A,N/A,N/A
The Basin,AU,-37.85,145.3167
The Gurdies,AU,-38.3714,145.5639
The Honeysuckles,AU,-38.3541,147.2189
The Patch,AU,-37.9,145.3833
Thomastown,AU,-37.6833,145.0167
Thomson,AU,-38.1699,144.3789
Thoona,AU,-36.3167,146.0667
Thornbury,AU,-37.7583,145.0052
Thornton,AU,-32.7833,151.6333
Thorpdale,AU,-38.2833,146.1833
Thowgla Valley,N/A,N/A,N/A
Timboon,AU,-38.4833,142.9833
Timboon West,N/A,N/A,N/A
Timmering,AU,-36.3667,144.9167
Timor,AU,-36.9838,143.7091
Tinamba,AU,-37.9625,146.8914
Tittybong,AU,-35.7667,143.3667
Tolmie,AU,-36.9333,146.2333
Tongala,AU,-36.25,144.95
Tonimbuk,N/A,N/A,N/A
Tooborac,AU,-37.05,144.8333
Toolamba,AU,-36.5,145.35
Toolangi,AU,-37.5333,145.4667
Toolern Vale,AU,-37.6,144.6
Toolleen,AU,-36.7167,144.7
Toolondo,AU,-36.9833,141.9333
Toongabbie,AU,-33.7833,150.95
Toora,AU,-38.65,146.3333
Toora North,N/A,N/A,N/A
Tooradin,AU,-38.2167,145.3833
Toorak,AU,-37.8408,145.0096
Toorloo Arm,N/A,N/A,N/A
Tootgarook,N/A,N/A,N/A
Torquay,AU,-25.2833,152.8667
Torrumbarry,AU,-36.0333,144.55
Torwood,N/A,N/A,N/A
Tottenham,AU,-32.2333,147.35
Tower Hill,AU,-38.3333,142.35
Trafalgar,AU,-38.2,146.15
Trafalgar East,AU,-38.1833,146.1833
Trafalgar South,AU,-38.2667,146.15
Tragowel,AU,-35.8547,143.9839
Traralgon,AU,-38.1833,146.5333
Traralgon East,N/A,N/A,N/A
Traralgon South,AU,-38.2667,146.55
Travancore,AU,-37.7808,144.9355
Trawool,AU,-37.1,145.2167
Tremont,AU,-37.8789,145.3158
Trentham,AU,-37.3833,144.3167
Trentham East,AU,-37.3833,144.3833
Tresco,AU,-35.5167,143.65
Tresco West,N/A,N/A,N/A
Trida,AU,-38.3167,145.9667
Truganina,AU,-37.8167,144.75
Tubbut,N/A,N/A,N/A
Tuerong,N/A,N/A,N/A
Tullamarine,AU,-37.7013,144.881
Tungamah,AU,-36.1667,145.8667
Turtons Creek,AU,-38.55,146.25
Tutye,N/A,N/A,N/A
Tyabb,AU,-38.25,145.1833
Tyers,AU,-38.15,146.4667
Tylden,AU,-37.3333,144.4167
Tynong,AU,-38.0833,145.6167
Tynong North,AU,-38.0667,145.6167
Tyntynder,AU,-35.2333,143.4667
Tyntynder South,AU,-35.3,143.5333
Tyrendarra,AU,-38.2167,141.7833
Ullswater,AU,-36.9667,141.3833
Ultima,AU,-35.4833,143.25
Undera,AU,-36.2833,145.2167
Underbool,AU,-35.1667,141.8167
Upotipotpon,AU,-36.4833,145.8167
Upper Ferntree Gully,AU,-37.8967,145.3099
Upper Plenty,AU,-37.4333,145.7333
Upwey,AU,-37.9,145.3333
Vaughan,AU,-37.1578,144.2115
Vectis,N/A,N/A,N/A
Ventnor,AU,-38.469,145.1715
Venus Bay,AU,-33.2331,134.6728
Vermont,AU,-37.8362,145.1943
Vermont South,AU,-37.8544,145.1878
Vervale,AU,-38.1333,145.6667
Vesper,AU,-37.9167,146.0833
Viewbank,AU,-37.7399,145.0932
Vinifera,N/A,N/A,N/A
Violet Town,AU,-36.6333,145.7333
W Tree,N/A,N/A,N/A
Waaia,AU,-36.05,145.35
Wahgunyah,AU,-36.0167,146.4
Wail,AU,-36.5083,142.0984
Wairewa,AU,-37.6885,148.1665
Waitchie,N/A,N/A,N/A
Waldara,N/A,N/A,N/A
Walhalla,AU,-37.95,146.45
Walkerville,AU,-34.8914,138.6182
Wallace,AU,-37.55,144.05
Wallacedale,AU,-37.9333,141.8
Wallaloo East,N/A,N/A,N/A
Wallan,AU,-37.4167,144.9833
Wallinduc,AU,-37.8667,143.5167
Wallington,AU,-38.2,144.4833
Walmer,AU,-36.9667,144.15
Walpa,AU,-37.8,147.45
Walpeup,AU,-35.1333,142.0333
Walwa,AU,-35.9667,147.7333
Wandana Heights,AU,-38.1777,144.2997
Wandella,N/A,N/A,N/A
Wandiligong,AU,-36.7833,146.9833
Wandin East,N/A,N/A,N/A
Wandin North,AU,-37.7833,145.4333
Wando Vale,AU,-37.5167,141.45
Wandong,AU,-37.35,145.0333
Wangandary,N/A,N/A,N/A
Wangaratta,AU,-36.3667,146.3333
Wangaratta South,N/A,N/A,N/A
Wangoom,AU,-38.3333,142.5833
Wannon,AU,-37.6667,141.8333
Wantirna,AU,-37.85,145.2167
Wantirna South,AU,-37.8833,145.2167
Waranga Shores,AU,-36.5314,145.0651
Waratah Bay,AU,-38.8096,146.0407
Warburton,AU,-37.75,145.6833
Wareek,AU,-36.9833,143.6167
Wargan,N/A,N/A,N/A
Warncoort,AU,-38.3167,143.7167
Warneet,AU,-38.2214,145.3117
Warracknabeal,AU,-36.25,142.4167
Warragul,AU,-38.1667,145.9333
Warragul South,N/A,N/A,N/A
Warragul West,N/A,N/A,N/A
Warrak,AU,-37.2667,143.15
Warrandyte,AU,-37.75,145.2333
Warrandyte South,AU,-37.7667,145.25
Warranwood,AU,-37.7725,145.2502
Warrayure,N/A,N/A,N/A
Warrenbayne,AU,-36.6833,145.8667
Warrenheip,AU,-37.5667,143.9333
Warrion,N/A,N/A,N/A
Warrnambool,AU,-38.3833,142.4833
Wartook,AU,-37.0255,142.343
Watchem,AU,-36.15,142.85
Watchem West,N/A,N/A,N/A
Waterford Park,AU,-37.3002,145.0669
Waterloo,AU,-33.9003,151.2073
Waterways,AU,-38.0148,145.1305
Watsonia,AU,-37.7098,145.0833
Watsonia North,AU,-37.696,145.085
Watsons Creek,AU,-30.7333,151.05
Wattle Bank,AU,-38.5667,145.7
Wattle Flat,AU,-37.4667,143.95
Wattle Glen,AU,-37.6699,145.1916
Waubra,AU,-37.3667,143.65
Waurn Ponds,AU,-38.2167,144.2833
Wedderburn,AU,-36.4333,143.6333
Weering,AU,-38.1,143.6333
Wellsford,N/A,N/A,N/A
Welshpool,AU,-31.9921,115.9325
Wemen,AU,-34.7813,142.6416
Wendouree,AU,-37.55,143.8333
Werribee,AU,-37.9,144.6667
Werribee South,AU,-37.9475,144.7167
Werrimull,N/A,N/A,N/A
Wesburn,AU,-37.7667,145.6333
West Bendigo,AU,-36.756,144.2489
West Creek,N/A,N/A,N/A
West Footscray,AU,-37.8006,144.8711
West Melbourne,AU,-37.8101,144.95
West Wodonga,AU,-36.1257,146.8486
Westbury,AU,-41.5167,146.85
Westby,AU,-35.4817,147.4178
Westmeadows,AU,-37.6769,144.8939
Whanregarwen,N/A,N/A,N/A
Wharparilla,AU,-36.1333,144.6333
Wheatsheaf,AU,-37.3164,144.2219
Wheelers Hill,AU,-37.9,145.1833
White Hills,AU,-41.5,147.25
Whiteheads Creek,N/A,N/A,N/A
Whitfield,AU,-36.7833,146.4167
Whittington,N/A,N/A,N/A
Whittlesea,AU,-37.5167,145.1167
Whorouly,AU,-36.5167,146.6
Whorouly East,N/A,N/A,N/A
Whorouly South,AU,-36.55,146.5833
Whroo,AU,-36.65,145.0167
Wickliffe,AU,-37.6833,142.7167
Wilby,AU,-36.1667,146.0167
Wildwood,N/A,N/A,N/A
Willaura,AU,-37.5333,142.75
Williams Landing,AU,-37.8614,144.7445
Williamstown,AU,-34.6667,138.8667
Williamstown North,AU,-37.8526,144.8689
Willow Grove,AU,-38.0833,146.2
Willowmavin,N/A,N/A,N/A
Willung,AU,-38.25,146.8167
Wilsons Promontory,N/A,N/A,N/A
Wimbledon Heights,AU,-38.4802,145.2342
Winchelsea,AU,-38.2333,143.9833
Winchelsea South,N/A,N/A,N/A
Windermere,AU,-32.6817,151.4428
Windsor,AU,-37.8548,144.9927
Wingan River,N/A,N/A,N/A
Winnap,AU,-37.95,141.3167
Winnindoo,AU,-38.05,146.7667
Winton,AU,-36.5167,146.0833
Wiseleigh,N/A,N/A,N/A
Wodonga,AU,-36.1167,146.8833
Wollert,AU,-37.5833,145.0333
Wombat Creek,N/A,N/A,N/A
Won Wron,N/A,N/A,N/A
Wonga,AU,-16.3333,145.4167
Wonga Park,AU,-37.7333,145.2667
Wonthaggi,AU,-38.6044,145.5913
Wonwondah,N/A,N/A,N/A
Wood Wood,AU,-35.1066,143.3465
Woodend,AU,-37.35,144.5333
Woodend North,N/A,N/A,N/A
Woodford,AU,-26.95,152.7833
Woodhouse,N/A,N/A,N/A
Woodleigh,AU,-38.4,145.6333
Woods Point,N/A,N/A,N/A
Woodside,AU,-34.95,138.8667
Woodside Beach,N/A,N/A,N/A
Woodstock,AU,-43.0667,147.0667
Woodvale,AU,-31.7864,115.7937
Woolamai,AU,-38.5,145.5
Woolsthorpe,AU,-38.2,142.4333
Wooragee,AU,-36.2833,146.7833
Woorarra East,N/A,N/A,N/A
Woori Yallock,AU,-37.75,145.5167
Woorinen,AU,-35.3,143.4333
Woorinen South,AU,-35.2899,143.4521
Woorndoo,AU,-37.9,142.8167
Wooroonook,N/A,N/A,N/A
Woosang,AU,-36.3333,143.4833
Wuk Wuk,N/A,N/A,N/A
Wunghnu,AU,-36.15,145.45
Wurruk,AU,-38.1167,147.0333
Wy Yung,AU,-37.8075,147.6195
Wycheproof,AU,-36.0667,143.2333
Wycheproof South,N/A,N/A,N/A
Wychitella,AU,-36.2833,143.6167
Wye River,AU,-38.6333,143.8833
Wyndham Vale,AU,-37.8869,144.6241
Wyuna,AU,-36.2,145.05
Yaapeet,N/A,N/A,N/A
Yabba North,AU,-36.2167,145.6833
Yackandandah,AU,-36.3333,146.8667
Yalca,AU,-35.9833,145.3167
Yallambie,AU,-37.7252,145.0935
Yallourn,AU,-38.1667,146.2667
Yallourn North,AU,-38.1607,146.3629
Yambuk,AU,-38.3156,142.0651
Yambuna,AU,-36.15,145.0333
Yan Yean,AU,-37.5691,145.1078
Yanac,AU,-36.1333,141.4333
Yanakie,AU,-38.8124,146.2064
Yangery,AU,-38.3167,142.4167
Yannathan,AU,-38.2333,145.65
Yapeen,AU,-37.1333,144.1833
Yarck,AU,-37.1,145.6167
Yarra Glen,AU,-37.6667,145.3667
Yarra Junction,AU,-37.7833,145.6167
Yarragon,AU,-38.2,146.0667
Yarragon South,N/A,N/A,N/A
Yarram,AU,-38.5667,146.6667
Yarrambat,AU,-37.8049,145.0034
Yarraville,AU,-37.8167,144.9
Yarrawalla,AU,-36.0667,144.0333
Yarrawonga,AU,-36.0167,146
Yarroweyah,AU,-35.9333,145.55
Yea,AU,-37.213,145.4225
Yellingbo,N/A,N/A,N/A
Yelta,N/A,N/A,N/A
Yendon,AU,-37.6333,143.9667
Yering,AU,-37.6887,145.3747
Yielima,AU,-35.9333,145.2167
Yinnar,AU,-38.3167,146.3167
Yinnar South,AU,-38.3833,146.3833
Youarang,AU,-36.1667,145.8
Yuroke,AU,-37.5895,144.879
Yuulong,AU,-32.215,148.5678
Zeerust,N/A,N/A,N/A
